n,insertion,query,retries
2332,389,159,0
2332,343,136,0
2332,211,88,0
2332,212,101,0
2332,204,90,0
2332,107,48,0
2332,110,48,0
2332,121,54,0
2332,111,52,0
2332,107,54,0
2332,114,53,0
2332,107,54,0
2332,115,48,0
2332,117,60,0
2332,127,63,0
2332,107,48,0
2332,108,47,0
2332,111,48,0
2332,123,54,0
2332,107,53,0
2332,108,48,0
2332,113,47,0
2332,108,51,0
2332,107,52,0
2332,120,53,0
2332,110,49,0
2332,110,49,0
2332,114,57,0
2332,122,49,0
2332,115,49,0
2332,111,50,0
2332,111,50,0
2332,116,51,0
2332,117,50,0
2332,114,51,0
2332,127,66,0
2332,123,62,0
2332,160,106,0
2332,111,56,0
2332,116,51,0
2332,112,51,0
2332,119,52,0
2332,114,58,0
2332,114,52,0
2332,111,49,0
2332,120,51,0
2332,119,51,0
2332,118,56,0
2332,121,57,0
2332,119,51,0
2332,121,51,0
2332,119,55,0
2332,120,58,0
2332,119,57,0
2332,118,51,0
2332,116,51,0
2332,123,51,0
2332,131,54,0
2332,115,50,0
2332,114,51,0
2332,115,51,0
2332,114,57,0
2332,124,51,0
2332,119,50,0
2332,114,51,0
2332,115,64,0
2332,113,56,0
2332,117,59,0
2332,116,51,0
2332,118,53,0
2332,123,52,0
2332,114,51,0
2332,127,53,0
2332,123,59,0
2332,119,50,0
2332,122,57,0
2332,119,59,0
2332,114,57,0
2332,115,50,0
2332,136,52,0
2332,120,50,0
2332,118,53,0
2332,119,57,0
2332,116,52,0
2332,121,52,0
2332,117,51,0
2332,118,59,0
2332,116,52,0
2332,114,59,0
2332,115,51,0
2332,119,52,0
2332,117,59,0
2332,128,51,0
2332,121,57,0
2332,118,58,0
2332,121,52,0
2332,117,59,0
2332,130,60,0
2332,121,55,0
2332,120,52,0
10924,885,284,0
10924,799,263,0
10924,598,282,0
10924,699,286,0
10924,598,270,0
10924,611,260,0
10924,657,290,0
10924,583,269,0
10924,577,276,0
10924,597,266,0
10924,721,271,0
10924,673,277,0
10924,567,267,0
10924,593,310,0
10924,621,338,0
10924,600,265,0
10924,636,279,0
10924,603,282,0
10924,622,278,0
10924,566,276,0
10924,665,269,0
10924,637,267,0
10924,582,291,0
10924,587,271,0
10924,562,259,0
10924,584,271,0
10924,584,379,0
10924,592,274,0
10924,626,289,0
10924,616,291,0
10924,565,281,0
10924,592,308,0
10924,568,256,0
10924,658,334,0
10924,565,278,0
10924,647,276,0
10924,572,268,0
10924,654,266,0
10924,607,355,0
10924,624,291,0
10924,562,272,0
10924,629,278,0
10924,570,282,0
10924,597,298,0
10924,722,267,0
10924,650,290,0
10924,573,263,0
10924,625,269,0
10924,579,260,0
10924,684,269,0
10924,658,267,0
10924,631,274,0
10924,592,267,0
10924,608,281,0
10924,731,271,0
10924,695,268,0
10924,572,273,0
10924,574,276,0
10924,586,262,0
10924,610,349,0
10924,579,282,0
10924,572,337,0
10924,565,287,0
10924,639,334,0
10924,601,274,0
10924,649,398,0
10924,658,330,0
10924,603,321,0
10924,608,274,0
10924,618,286,0
10924,595,288,0
10924,563,268,0
10924,581,275,0
10924,640,270,0
10924,651,258,0
10924,756,340,0
10924,604,264,0
10924,734,278,0
10924,647,272,0
10924,737,274,0
10924,602,279,0
10924,566,266,0
10924,581,269,0
10924,658,280,0
10924,658,268,0
10924,616,264,0
10924,671,298,0
10924,585,277,0
10924,568,269,0
10924,569,283,0
10924,571,280,0
10924,601,283,0
10924,618,264,0
10924,589,273,0
10924,848,281,0
10924,697,317,0
10924,904,315,0
10924,824,262,0
10924,697,273,0
10924,723,319,0
