n,Chaining-insertion,Perfect-insertion,Redblack-insertion
7,0,54,2
7,0,46,1
7,0,91,1
7,0,47,1
7,0,87,1
7,0,57,1
7,0,36,1
7,1,109,1
7,0,119,1
7,1,60,1
7,1,69,1
7,1,56,1
7,1,37,1
7,1,73,1
7,0,21,1
7,0,46,1
7,1,21,1
7,0,34,1
7,1,34,1
7,0,33,1
7,0,46,1
7,0,46,1
7,1,46,1
7,0,58,1
7,1,21,2
7,0,21,1
7,0,34,1
7,1,23,1
7,0,21,1
7,0,46,1
7,0,21,1
7,1,79,1
7,0,44,1
7,1,41,1
7,1,64,1
7,0,34,1
7,0,70,1
7,1,46,1
7,0,34,1
7,0,21,1
7,1,71,1
7,1,34,1
7,0,21,1
7,0,38,1
7,1,21,1
7,0,28,1
7,0,21,1
7,0,21,1
7,0,68,1
7,1,21,1
7,1,59,1
7,0,46,1
7,1,77,1
7,1,31,3
7,1,57,1
7,1,22,2
7,0,32,1
7,1,38,3
7,1,46,1
7,0,49,1
7,0,22,1
7,0,59,1
7,0,62,1
7,0,60,1
7,0,21,1
7,1,45,1
7,0,36,1
7,0,47,1
7,0,58,1
7,1,138,1
7,0,148,1
7,0,47,1
7,0,35,1
7,1,46,1
7,1,21,1
7,0,21,1
7,1,71,1
7,0,34,1
7,0,59,1
7,1,98,2
7,1,44,3
7,1,40,2
7,1,35,3
7,1,46,1
7,1,58,1
7,0,21,1
7,1,49,1
7,1,34,1
7,0,34,1
7,1,34,1
7,1,59,1
7,0,45,1
7,1,46,1
7,1,34,1
7,0,21,1
7,0,45,1
7,1,57,1
7,0,57,1
7,1,36,1
7,0,34,1
12,1,76,2
12,1,27,3
12,1,52,3
12,1,89,2
12,1,52,2
12,1,39,3
12,1,27,2
12,1,75,2
12,1,27,3
12,1,27,3
12,1,51,2
12,1,94,2
12,1,69,3
12,1,39,2
12,1,73,3
12,1,51,3
12,1,64,3
12,1,42,2
12,1,27,3
12,1,39,3
12,1,39,4
12,1,32,2
12,1,27,3
12,1,39,3
12,1,39,3
12,1,52,3
12,1,27,2
12,1,64,2
12,1,27,3
12,1,93,2
12,1,40,2
12,1,52,2
12,1,99,2
12,1,52,3
12,1,52,2
12,2,52,4
12,1,64,3
12,1,39,2
12,1,76,2
12,1,89,2
12,1,52,2
12,1,64,2
12,1,76,3
12,1,52,2
12,1,51,2
12,1,39,2
12,1,64,2
12,1,39,3
12,1,52,2
12,1,77,2
12,1,51,2
12,1,39,2
12,1,96,3
12,1,27,3
12,1,53,2
12,1,64,2
12,1,38,2
12,1,52,2
12,1,39,3
12,1,63,2
12,1,44,2
12,1,64,2
12,1,39,2
12,1,27,2
12,1,26,2
12,1,39,2
12,1,57,2
12,1,27,2
12,1,27,2
12,1,27,2
12,1,64,2
12,1,27,2
12,1,51,3
12,1,52,2
12,1,64,2
12,1,39,2
12,1,52,2
12,1,88,3
12,1,65,2
12,1,27,2
12,1,27,2
12,1,51,2
12,2,31,3
12,1,77,2
12,1,39,3
12,1,52,2
12,1,26,2
12,1,39,2
12,1,57,2
12,1,138,2
12,1,64,3
12,1,30,2
12,1,39,2
12,1,39,2
12,1,50,2
12,1,52,2
12,1,57,2
12,1,98,2
12,1,39,2
12,1,26,2
23,2,63,5
23,2,63,5
23,2,38,5
23,2,138,5
23,2,137,5
23,2,75,5
23,2,75,5
23,2,38,5
23,2,75,5
23,2,63,5
23,2,186,5
23,2,75,5
23,2,38,5
23,2,38,5
23,2,76,5
23,2,51,5
23,2,100,5
23,2,63,5
23,2,38,5
23,2,51,5
23,2,88,5
23,2,150,5
23,2,38,5
23,2,75,5
23,2,75,5
23,2,51,5
23,3,145,6
23,2,50,6
23,2,38,5
23,2,73,5
23,2,90,5
23,2,38,5
23,2,50,5
23,2,88,5
23,2,159,5
23,2,38,5
23,2,137,5
23,2,63,5
23,2,63,5
23,2,50,5
23,2,63,5
23,2,63,5
23,2,88,5
23,2,75,5
23,2,162,5
23,2,87,5
23,5,79,5
23,2,75,5
23,2,63,5
23,2,99,5
23,2,75,5
23,2,59,5
23,2,38,5
23,2,87,5
23,2,113,5
23,2,100,6
23,2,76,5
23,2,72,5
23,4,73,10
23,2,102,6
23,2,63,5
23,2,137,5
23,2,51,5
23,2,63,5
23,2,50,5
23,2,99,6
23,2,38,5
23,2,48,5
23,2,38,5
23,2,51,5
23,2,108,5
23,2,84,5
23,2,63,5
23,2,63,5
23,2,63,5
23,2,38,5
23,2,87,5
23,2,88,5
23,2,63,5
23,2,84,5
23,2,63,5
23,2,100,5
23,2,112,5
23,2,88,5
23,2,63,5
23,2,173,5
23,2,75,5
23,2,38,5
23,2,63,5
23,2,100,5
23,2,63,5
23,2,67,6
23,2,75,5
23,2,88,5
23,2,38,5
23,2,50,5
23,2,56,6
23,2,63,5
23,2,76,5
23,2,63,5
44,4,75,15
44,4,153,11
44,4,219,11
44,4,157,11
44,4,100,11
44,4,170,11
44,4,108,10
44,4,87,11
44,4,93,11
44,4,71,11
44,4,77,11
44,4,81,11
44,4,108,11
44,4,144,21
44,3,98,11
44,4,120,11
44,3,136,11
44,4,157,11
44,4,57,10
44,4,193,21
44,4,120,11
44,4,297,11
44,4,99,11
44,4,82,11
44,4,57,11
44,4,111,11
44,4,70,10
44,4,159,10
44,4,170,11
44,4,82,11
44,4,57,10
44,4,70,11
44,4,108,10
44,4,82,10
44,4,90,10
44,4,359,11
44,4,107,11
44,4,157,10
44,4,131,11
44,4,107,11
44,4,156,11
44,4,95,10
44,4,95,11
44,4,95,97
44,4,238,11
44,4,309,23
44,4,185,23
44,4,109,33
44,4,135,11
44,54,323,16
44,4,174,11
44,4,96,23
44,4,209,24
44,4,314,12
44,4,155,16
44,4,316,10
44,4,284,110
44,4,90,10
44,4,247,11
44,4,302,10
44,4,121,11
44,4,275,10
44,4,120,10
44,3,418,10
44,4,270,11
44,4,267,11
44,4,172,23
44,4,80,23
44,4,232,25
44,4,109,11
44,4,499,10
44,4,112,10
44,17,175,10
44,4,96,10
44,4,92,22
44,4,187,11
44,4,128,10
44,326,214,11
44,4,162,13
44,4,108,23
44,4,629,36
44,4,195,47
44,4,175,34
44,4,191,11
44,4,367,10
44,4,233,26
44,4,120,10
44,3,255,12
44,18,170,11
44,4,169,12
44,6,275,16
44,4,298,10
44,4,186,24
44,25,140,11
44,4,161,10
44,4,150,11
44,4,198,11
44,4,297,11
44,4,199,10
44,4,119,15
87,7,210,24
87,7,163,22
87,7,526,22
87,7,172,22
87,7,261,21
87,11,346,22
87,7,272,26
87,7,312,22
87,12,135,22
87,7,237,25
87,7,229,21
87,7,174,26
87,7,136,51
87,7,297,22
87,7,573,22
87,7,512,22
87,7,225,22
87,7,162,22
87,7,321,22
87,7,171,22
87,12,255,35
87,12,264,41
87,7,265,24
87,7,297,27
87,7,124,21
87,7,268,22
87,7,239,32
87,7,294,22
87,7,298,22
87,7,298,22
87,7,471,22
87,7,161,22
87,7,159,35
87,7,235,22
87,7,200,22
87,7,140,22
87,7,386,21
87,7,135,22
87,7,215,22
87,7,259,21
87,7,136,22
87,7,141,22
87,9,123,25
87,7,340,22
87,8,152,22
87,7,99,22
87,7,161,28
87,7,189,33
87,37,630,54
87,7,498,22
87,7,193,22
87,7,237,22
87,7,175,25
87,9,230,56
87,8,670,22
87,7,185,36
87,52,190,37
87,7,206,22
87,7,254,22
87,15,260,28
87,8,453,22
87,7,252,22
87,13,378,37
87,14,250,40
87,13,659,32
87,12,564,34
87,7,355,23
87,7,275,21
87,7,186,22
87,7,327,22
87,7,499,26
87,7,310,22
87,7,594,22
87,7,122,22
87,13,271,23
87,7,313,188
87,7,213,22
87,7,166,22
87,7,334,41
87,7,138,22
87,7,185,22
87,7,262,22
87,7,478,23
87,7,205,22
87,7,237,22
87,7,254,22
87,7,521,23
87,7,203,22
87,7,235,22
87,8,275,22
87,7,361,22
87,7,465,22
87,7,186,22
87,7,161,22
87,7,242,22
87,7,540,22
87,7,168,22
87,7,235,22
87,9,212,39
87,7,185,22
172,13,572,47
172,16,546,54
172,15,577,46
172,13,507,46
172,13,390,46
172,23,465,45
172,13,590,46
172,13,435,46
172,14,1192,46
172,13,328,57
172,13,305,45
172,13,246,46
172,14,527,66
172,14,490,46
172,13,259,46
172,13,416,46
172,13,234,45
172,14,296,53
172,20,823,68
172,13,190,81
172,21,504,59
172,14,403,51
172,14,594,66
172,35,558,113
172,13,395,68
172,32,1311,90
172,13,263,46
172,14,973,46
172,13,431,62
172,13,510,51
172,14,1130,45
172,13,443,67
172,13,614,45
172,13,615,46
172,13,574,45
172,13,339,45
172,13,424,45
172,13,722,46
172,13,709,57
172,14,518,52
172,17,194,53
172,13,514,57
172,13,322,57
172,13,1152,58
172,13,268,57
172,13,308,58
172,13,454,57
172,13,415,180
172,13,642,45
172,13,318,57
172,13,490,57
172,13,191,46
172,13,258,57
172,13,488,111
172,13,1145,58
172,75,466,45
172,13,791,57
172,13,401,56
172,13,1212,46
172,13,450,57
172,13,428,57
172,13,1079,58
172,13,585,57
172,13,639,57
172,13,510,57
172,20,455,58
172,20,526,55
172,13,408,52
172,13,509,53
172,13,444,51
172,13,669,51
172,16,343,54
172,13,308,105
172,13,440,62
172,13,1121,188
172,13,254,133
172,13,402,57
172,13,662,45
172,13,661,62
172,13,530,58
172,13,463,58
172,13,923,58
172,13,218,59
172,13,1434,58
172,13,548,57
172,13,808,57
172,13,952,46
172,13,887,45
172,13,515,57
172,13,616,46
172,13,855,211
172,13,367,57
172,27,315,57
172,13,302,57
172,13,497,58
172,13,431,58
172,13,492,57
172,13,351,57
172,13,480,57
172,13,391,57
343,25,542,112
343,25,488,144
343,26,1021,97
343,25,470,102
343,25,1320,95
343,26,1305,97
343,25,2037,104
343,25,948,95
343,25,590,96
343,27,1267,144
343,26,2028,96
343,25,728,96
343,25,763,97
343,25,500,95
343,25,992,96
343,35,637,95
343,25,501,95
343,26,576,97
343,25,540,95
343,25,1201,96
343,35,597,94
343,25,697,95
343,25,991,97
343,26,2642,96
343,25,1136,107
343,26,759,97
343,32,630,95
343,26,1784,96
343,25,1432,100
343,25,558,99
343,25,597,95
343,25,923,95
343,25,928,108
343,26,847,102
343,25,424,107
343,25,557,100
343,25,668,104
343,26,1886,96
343,25,595,106
343,25,843,108
343,26,1828,96
343,25,716,96
343,25,1064,95
343,25,563,102
343,25,911,95
343,33,988,96
343,28,610,121
343,25,626,95
343,25,634,96
343,25,1641,96
343,25,1256,106
343,25,658,97
343,25,625,96
343,25,500,95
343,25,581,95
343,25,1853,95
343,25,830,96
343,25,1285,106
343,25,425,95
343,25,699,95
343,26,1026,95
343,25,464,96
343,25,675,101
343,26,1929,96
343,26,1329,108
343,25,551,96
343,25,495,95
343,25,578,95
343,25,1652,96
343,25,885,96
343,25,779,103
343,25,1123,95
343,25,734,102
343,25,601,95
343,25,1572,96
343,25,1915,96
343,25,486,96
343,25,389,96
343,25,641,96
343,25,856,95
343,25,700,107
343,25,1688,96
343,25,361,95
343,25,809,96
343,25,887,121
343,26,906,107
343,25,788,97
343,26,2651,108
343,25,869,96
343,25,1413,95
343,25,481,108
343,25,419,96
343,25,599,94
343,42,731,96
343,25,1006,96
343,26,2039,96
343,25,1097,96
343,25,1634,96
343,25,1218,96
343,25,849,96
684,94,1754,228
684,50,2182,218
684,50,1113,249
684,52,4744,214
684,52,3544,214
684,53,5537,244
684,51,2632,207
684,52,3786,227
684,62,1049,200
684,50,2459,200
684,49,1069,212
684,50,1410,202
684,48,1187,215
684,49,878,210
684,49,2409,200
684,49,1279,212
684,51,1338,200
684,52,1543,200
684,52,2667,227
684,50,2273,212
684,53,1474,201
684,51,3421,214
684,49,963,201
684,50,973,200
684,49,1111,199
684,49,960,200
684,49,2488,223
684,50,1114,201
684,49,860,200
684,50,1643,200
684,53,745,210
684,50,1053,211
684,49,900,209
684,50,1867,201
684,50,1158,212
684,50,1486,200
684,63,1266,222
684,49,1119,200
684,50,1116,201
684,51,1720,201
684,51,4476,200
684,52,2755,202
684,50,1198,202
684,49,1161,201
684,48,1121,201
684,52,4521,212
684,50,1055,200
684,49,904,210
684,49,1201,201
684,49,921,201
684,51,1052,204
684,50,2800,201
684,50,1166,201
684,49,1050,213
684,51,2295,208
684,50,3333,206
684,50,1449,201
684,52,1615,216
684,52,1890,201
684,48,1188,213
684,52,2948,202
684,52,2057,212
684,51,4141,201
684,50,1759,202
684,51,1965,201
684,51,1696,200
684,50,1777,202
684,50,1121,219
684,50,1500,214
684,48,895,296
684,49,3888,202
684,53,1255,215
684,51,1438,202
684,50,1856,200
684,49,1029,255
684,49,1595,200
684,51,1909,201
684,49,1502,200
684,50,1029,199
684,51,1022,200
684,50,2045,209
684,51,1077,220
684,50,2195,201
684,50,2724,201
684,52,2745,242
684,53,2322,201
684,51,1374,200
684,51,1571,201
684,51,1603,201
684,51,1748,201
684,61,1353,201
684,50,1842,202
684,50,3263,201
684,49,1371,202
684,49,1201,227
684,48,766,200
684,50,2101,200
684,49,1070,200
684,50,1113,211
684,49,1030,228
1367,102,3077,425
1367,100,2381,432
1367,102,9267,434
1367,101,4282,425
1367,100,3249,428
1367,100,2076,440
1367,107,1539,423
1367,103,8979,438
1367,100,2111,437
1367,115,7805,440
1367,100,3413,423
1367,102,4510,426
1367,99,2023,427
1367,122,4333,425
1367,103,4438,425
1367,102,2825,423
1367,102,8770,422
1367,102,2281,431
1367,102,3977,424
1367,117,5500,439
1367,124,2503,472
1367,108,7385,424
1367,102,2588,425
1367,101,3277,427
1367,101,4160,436
1367,161,4431,448
1367,102,5782,445
1367,101,1701,439
1367,100,2498,425
1367,103,5545,453
1367,102,1988,454
1367,98,3781,437
1367,99,1894,436
1367,100,4910,426
1367,102,2986,421
1367,101,4331,423
1367,102,4127,437
1367,111,2741,425
1367,110,4651,423
1367,132,6985,446
1367,97,1860,438
1367,99,3120,425
1367,107,6213,437
1367,118,7352,453
1367,105,3576,450
1367,108,1750,425
1367,101,3486,426
1367,116,3254,426
1367,101,4678,424
1367,115,2191,436
1367,101,4016,424
1367,101,1862,425
1367,101,5593,425
1367,100,4146,434
1367,102,1900,446
1367,105,1731,432
1367,103,3509,428
1367,103,3959,429
1367,99,2156,445
1367,102,4190,434
1367,100,2243,437
1367,101,3527,450
1367,111,2144,425
1367,101,4416,432
1367,100,4531,433
1367,100,2757,424
1367,101,1964,432
1367,103,3044,457
1367,97,1995,448
1367,102,4741,426
1367,111,12898,426
1367,113,3111,427
1367,169,2495,564
1367,110,3813,455
1367,158,9776,584
1367,111,2891,445
1367,100,2334,426
1367,101,3036,434
1367,100,2061,423
1367,102,2841,429
1367,99,1552,425
1367,120,3256,424
1367,102,5497,470
1367,101,5137,426
1367,99,2569,439
1367,112,2740,437
1367,112,4880,481
1367,100,2321,439
1367,101,5244,442
1367,102,1885,439
1367,100,4491,425
1367,103,1966,448
1367,99,1963,437
1367,165,4218,424
1367,100,2065,425
1367,99,2055,425
1367,102,4192,437
1367,101,2658,436
1367,100,3273,425
1367,102,7228,426
2732,199,2892,950
2732,205,7140,939
2732,200,4024,931
2732,203,6457,897
2732,204,4167,933
2732,202,6838,920
2732,238,5462,1015
2732,202,2715,908
2732,204,11044,911
2732,202,19463,929
2732,207,4245,911
2732,200,2910,911
2732,213,4032,1001
2732,225,5052,913
2732,216,4408,950
2732,210,7511,908
2732,214,11468,910
2732,351,5379,1300
2732,225,8220,933
2732,203,7253,909
2732,200,6878,927
2732,199,3167,895
2732,202,3554,896
2732,204,5520,913
2732,202,6275,909
2732,217,8580,1024
2732,203,14690,1006
2732,219,14663,1091
2732,228,8532,1165
2732,216,5157,1008
2732,202,10135,912
2732,204,10929,898
2732,250,7937,914
2732,227,6041,941
2732,203,3940,914
2732,201,6437,950
2732,228,4690,908
2732,203,4918,912
2732,201,4024,949
2732,201,8006,958
2732,202,8797,918
2732,201,17032,1019
2732,199,2821,902
2732,199,4317,922
2732,201,2704,923
2732,200,5338,916
2732,210,6390,922
2732,197,2817,971
2732,204,9274,911
2732,215,5095,987
2732,203,7130,970
2732,206,4506,925
2732,223,17616,949
2732,205,4140,915
2732,209,13282,935
2732,223,17548,1004
2732,254,3126,918
2732,213,15616,951
2732,206,16034,953
2732,213,5723,925
2732,205,4988,911
2732,211,6002,966
2732,227,5072,913
2732,212,16473,952
2732,214,7292,932
2732,200,3269,917
2732,202,5354,920
2732,200,5325,920
2732,201,10632,920
2732,210,6222,938
2732,202,6405,922
2732,203,4507,908
2732,236,18220,926
2732,210,3959,981
2732,213,6205,898
2732,214,7493,916
2732,203,6463,915
2732,235,12277,903
2732,311,7070,980
2732,203,7478,929
2732,202,4203,1016
2732,198,3819,912
2732,214,5621,917
2732,256,9420,917
2732,222,15029,914
2732,198,4434,899
2732,216,11974,935
2732,200,4038,926
2732,203,7097,914
2732,204,10251,930
2732,199,3887,920
2732,200,4031,902
2732,202,8651,918
2732,203,6726,912
2732,203,5182,910
2732,215,3896,925
2732,217,13157,900
2732,206,7072,907
2732,204,5079,898
2732,212,4510,977
5463,439,21207,2044
5463,424,17477,2368
5463,404,10390,2065
5463,448,20529,2056
5463,420,25594,2011
5463,397,9241,1930
5463,422,24468,2101
5463,398,16962,2035
5463,407,12144,1899
5463,442,9050,2084
5463,407,8964,1976
5463,417,6552,1946
5463,416,13991,1942
5463,407,8222,1930
5463,412,20825,1971
5463,425,12951,2040
5463,728,21584,2813
5463,400,15473,2017
5463,397,13911,1989
5463,434,9589,2002
5463,429,25456,1943
5463,417,23714,2096
5463,455,9965,1951
5463,401,34466,2240
5463,410,5649,1959
5463,451,9089,2012
5463,426,37731,2417
5463,413,18423,1916
5463,400,17525,1940
5463,427,14356,1978
5463,410,15372,1942
5463,409,5997,1946
5463,428,15035,1966
5463,504,8430,1993
5463,400,10629,1977
5463,426,13304,2334
5463,412,13248,2411
5463,413,14224,2204
5463,418,9409,1967
5463,410,25123,2002
5463,431,19735,1936
5463,419,13244,1927
5463,411,20866,1999
5463,415,14223,1974
5463,409,7284,2064
5463,420,34757,1987
5463,407,8808,1932
5463,416,11795,1964
5463,410,16646,1976
5463,423,13348,2000
5463,411,15080,1922
5463,423,9033,1981
5463,421,12734,2321
5463,405,38682,2052
5463,654,15175,1929
5463,410,5946,1920
5463,409,10442,1919
5463,408,11610,1928
5463,408,8646,1989
5463,412,31409,1964
5463,414,10395,1944
5463,434,13040,1962
5463,411,23623,1963
5463,444,12669,2153
5463,419,16260,2005
5463,415,9656,2106
5463,416,32608,1978
5463,414,28559,2012
5463,422,6128,1949
5463,429,15798,1940
5463,411,13447,1997
5463,435,8761,1965
5463,476,20604,1969
5463,446,21545,1978
5463,417,8302,1963
5463,409,9586,1957
5463,420,11236,1949
5463,419,12656,1951
5463,418,30205,1993
5463,432,30673,1971
5463,411,33001,1973
5463,440,14631,1949
5463,417,13119,1984
5463,415,8164,1980
5463,410,12861,1976
5463,416,13127,2005
5463,416,30873,1987
5463,437,39457,2597
5463,406,8656,1979
5463,427,15665,1998
5463,438,8418,1944
5463,417,11155,1966
5463,416,9849,1969
5463,422,11908,1967
5463,423,13077,2456
5463,414,6264,2053
5463,420,9027,2138
5463,421,20011,1991
5463,432,10712,1948
5463,419,9523,1960
10924,878,63486,4255
10924,877,16329,4250
10924,872,14874,4197
10924,858,20975,4347
10924,1093,32957,4371
10924,843,15311,4212
10924,868,77538,4270
10924,825,16037,4565
10924,897,16273,4314
10924,840,19953,4192
10924,941,17063,4156
10924,851,15049,4180
10924,874,13998,4133
10924,856,24834,4262
10924,851,33551,4173
10924,851,39359,4332
10924,913,76212,5073
10924,843,17955,4307
10924,816,28844,4417
10924,839,18320,4186
10924,834,18456,4268
10924,870,18920,4327
10924,863,20193,4422
10924,898,17104,4189
10924,844,33750,4208
10924,847,17071,4217
10924,836,21931,4229
10924,908,23134,4787
10924,1347,19849,4851
10924,1018,18838,4483
10924,846,35460,4181
10924,1027,60074,4166
10924,932,34692,4172
10924,854,22439,4194
10924,863,19641,4190
10924,835,31322,4349
10924,857,23796,4252
10924,875,26393,4361
10924,848,49939,4261
10924,845,35608,4167
10924,933,30720,4303
10924,814,31473,4186
10924,956,36933,4213
10924,974,17394,4501
10924,859,36944,4134
10924,834,24165,4114
10924,843,82363,4275
10924,829,20590,4439
10924,829,11437,4129
10924,864,68349,4494
10924,836,33044,4814
10924,1012,11487,4323
10924,921,17062,4474
10924,845,25943,4141
10924,845,43974,4223
10924,898,35157,4291
10924,838,30456,4347
10924,979,33972,4087
10924,861,32215,4335
10924,834,30408,4587
10924,851,16697,4274
10924,833,17458,4252
10924,847,37712,4331
10924,826,27291,4275
10924,828,53209,4268
10924,850,37578,4237
10924,866,63654,4506
10924,882,16569,4261
10924,831,14990,4443
10924,918,30666,4174
10924,1064,25663,4508
10924,933,24464,4242
10924,857,29666,4367
10924,843,18571,4527
10924,856,13138,4271
10924,1010,18891,4245
10924,864,17943,4221
10924,841,25855,4715
10924,836,38249,4382
10924,853,46727,4164
10924,873,34448,4310
10924,883,21188,4403
10924,830,44629,4146
10924,825,16657,4170
10924,859,23280,4969
10924,963,31678,4482
10924,815,17990,4307
10924,910,24597,4177
10924,849,38416,4328
10924,930,26927,4423
10924,813,26266,4290
10924,894,28555,4200
10924,984,27263,4410
10924,841,51554,4309
10924,863,27977,4219
10924,916,65517,4354
10924,835,25904,4619
10924,831,17367,4217
10924,813,17272,4289
10924,837,43129,4794
21847,1982,33435,9147
21847,1712,25502,8939
21847,1964,35093,8984
21847,1867,65194,9083
21847,1837,65649,9361
21847,1946,34925,9040
21847,1833,64479,9229
21847,1759,90506,9246
21847,1734,36147,8869
21847,1863,59063,9350
21847,1945,43801,9316
21847,2042,55606,9074
21847,1844,63181,9239
21847,1753,38352,9345
21847,1797,34454,9114
21847,1785,47510,8988
21847,1745,114456,9049
21847,1778,73579,9123
21847,1992,43339,9012
21847,1836,22397,9063
21847,1761,25285,9629
21847,1759,52023,8972
21847,1827,38296,8907
21847,1831,67818,9260
21847,1824,82700,9131
21847,1786,38158,9207
21847,1747,35714,9048
21847,1804,40829,9097
21847,1963,86576,9029
21847,1762,62641,9133
21847,1731,32128,9377
21847,1757,52996,9051
21847,1744,68400,9287
21847,1798,47088,9169
21847,1741,35553,9023
21847,1802,34120,9463
21847,1751,76798,9193
21847,1788,32263,9172
21847,1820,23500,9083
21847,1764,46898,8974
21847,1774,111853,9308
21847,1722,30004,8878
21847,1743,53145,9130
21847,1719,40080,8955
21847,1735,50861,8861
21847,1691,36229,8859
21847,1690,42279,8899
21847,1823,60332,8906
21847,1785,39356,9449
21847,1872,35928,9598
21847,1798,36499,9210
21847,1818,38923,9011
21847,1746,37621,9097
21847,1697,53724,9189
21847,1715,136546,9147
21847,1856,64917,9219
21847,1893,61127,9914
21847,1864,39918,9707
21847,2075,27974,9857
21847,2185,50355,10588
21847,1926,53403,9876
21847,1968,35937,9689
21847,1915,56294,9722
21847,1983,57788,10473
21847,1910,79381,9871
21847,1889,67822,9829
21847,2046,29303,9824
21847,1879,42963,9788
21847,2115,83250,9848
21847,1933,37068,9935
21847,2107,57806,9893
21847,1897,24946,9938
21847,1790,36815,9102
21847,1776,53335,9593
21847,1870,25826,9331
21847,1954,103336,9427
21847,1899,31256,9362
21847,2060,24674,9429
21847,1832,103189,9508
21847,1857,2269379,9557
21847,2083,43623,10686
21847,1910,133254,9613
21847,1854,75934,9621
21847,1830,31884,9431
21847,1839,35444,9362
21847,1904,137519,9406
21847,1811,51503,9407
21847,1823,51422,9339
21847,1860,41215,9694
21847,1829,52999,9259
21847,1915,138628,9454
21847,2124,48174,9847
21847,2103,79020,9431
21847,1839,35285,9323
21847,2037,23833,9360
21847,1826,24568,10000
21847,1930,56822,9327
21847,2614,35795,9608
21847,2153,35830,9463
21847,1814,62217,9284
43692,4228,118275,21319
43692,4228,261735,21908
43692,4890,157988,21771
43692,4314,81745,21294
43692,3861,84364,20974
43692,3977,69983,21031
43692,4474,77481,21136
43692,4253,82262,20641
43692,3954,128526,20736
43692,4119,56726,20847
43692,4009,110789,20610
43692,3937,94306,20775
43692,4044,146360,20934
43692,4193,76248,21037
43692,3847,179807,19330
43692,3951,86863,19415
43692,3959,103652,20236
43692,4187,73091,19421
43692,3632,108548,19472
43692,4035,179969,19802
43692,3753,208731,19120
43692,3906,141781,19773
43692,3773,244873,19444
43692,4293,65650,19776
43692,3691,119492,20389
43692,3744,126223,19604
43692,3762,109555,19678
43692,3860,257277,21615
43692,3776,70015,19648
43692,3721,227877,20369
43692,4149,87814,19584
43692,4042,71533,19745
43692,3927,78281,19479
43692,3979,92226,20428
43692,3606,85948,19880
43692,3893,100705,19665
43692,3780,222946,19220
43692,3708,78207,18928
43692,3740,52103,19154
43692,4072,93488,19003
43692,3975,76190,19550
43692,3666,98318,19901
43692,3667,132053,19362
43692,3787,94508,19424
43692,3716,64931,19652
43692,3900,120992,19213
43692,3675,90035,19725
43692,4109,110354,19071
43692,3717,114182,25222
43692,3840,88901,20276
43692,3609,232565,19299
43692,3773,92343,19354
43692,3964,108964,19512
43692,3787,135060,20205
43692,3716,71193,19908
43692,4143,130506,19603
43692,3774,197208,20343
43692,4485,237623,23307
43692,3725,106954,19851
43692,3787,202760,19908
43692,3622,120427,19347
43692,3855,119111,20705
43692,3559,62785,19739
43692,3887,97062,19731
43692,3607,176887,19589
43692,3980,81224,19892
43692,4291,85208,20106
43692,3922,209864,19656
43692,3582,74332,19277
43692,3614,93048,19300
43692,3536,51050,19297
43692,3637,56764,19192
43692,3705,75440,19843
43692,3673,300154,19540
43692,3692,45806,19343
43692,3981,182964,19325
43692,3807,114727,19896
43692,3745,190705,19307
43692,3697,69296,20001
43692,3732,97600,19217
43692,3639,79316,19452
43692,4104,282455,19221
43692,3667,88503,19262
43692,3795,139704,19256
43692,4343,149235,21681
43692,4058,117061,21392
43692,4295,57091,22064
43692,4628,87690,22589
43692,4478,139692,21681
43692,4048,170254,23110
43692,4196,93698,21147
43692,4271,61781,20844
43692,4208,279909,24200
43692,4177,161422,21592
43692,4274,89200,21847
43692,4136,100869,21155
43692,3922,84371,20169
43692,4048,160007,23576
43692,4306,117591,20286
43692,3848,198633,20252
87383,7927,142637,43196
87383,8423,138083,42698
87383,8252,296905,42614
87383,8808,217927,43862
87383,8318,156557,63061
87383,8892,419747,44961
87383,8845,195830,45165
87383,12069,625997,48995
87383,8973,269394,47266
87383,7956,275445,40976
87383,8195,138425,44077
87383,7852,234686,42744
87383,8168,157967,42801
87383,8197,192969,42400
87383,7815,327519,43983
87383,7671,132230,42178
87383,8019,244225,40920
87383,7927,148689,40991
87383,7722,244168,40923
87383,7650,223872,41514
87383,8501,499677,40407
87383,7781,319225,41272
87383,8969,224420,43266
87383,7995,352478,43463
87383,9560,413535,43216
87383,8232,197265,44056
87383,8670,162236,43296
87383,8127,427706,42544
87383,7975,260227,42817
87383,8240,291295,41078
87383,8068,317447,40163
87383,7811,142922,41186
87383,7954,162207,40509
87383,7583,188090,41024
87383,10363,156844,42857
87383,7597,196182,41168
87383,7789,110169,41431
87383,7640,158152,41416
87383,8341,244416,42483
87383,7659,147455,42869
87383,8037,288966,43547
87383,8371,202022,42920
87383,7906,139190,43072
87383,8219,236726,42460
87383,8654,143128,42752
87383,8480,263315,47269
87383,8308,354248,45185
87383,8655,247893,45375
87383,8173,163574,45860
87383,7965,235216,43109
87383,7705,311132,41763
87383,8044,238884,41360
87383,8191,353869,45248
87383,8692,271161,46477
87383,9027,411101,46595
87383,10228,148252,46325
87383,8489,203777,45976
87383,8954,457786,46295
87383,9137,347894,46898
87383,8710,153455,47379
87383,8269,149410,44686
87383,7738,223384,42067
87383,7669,213621,41515
87383,7621,197918,41734
87383,8027,107895,41992
87383,7656,340913,42235
87383,7897,153985,41399
87383,7686,131091,41333
87383,8285,148425,41163
87383,8710,97001,42340
87383,9557,105405,42749
87383,7726,101119,42367
87383,7819,170662,41557
87383,8892,180110,43198
87383,8245,173643,43073
87383,7899,221628,43056
87383,8680,266845,42911
87383,7633,105022,40931
87383,8309,429864,40535
87383,7507,243708,40755
87383,8210,200484,40778
87383,7670,137489,41410
87383,8104,109581,40758
87383,7603,383970,41039
87383,7852,408613,41346
87383,7795,431161,42844
87383,8840,160062,41888
87383,8012,142767,43190
87383,7925,339341,43237
87383,8771,145123,43212
87383,9341,109455,44578
87383,8028,150741,42245
87383,9588,310089,41413
87383,7894,147871,41045
87383,7581,147573,40579
87383,8399,241315,41270
87383,7562,168103,41756
87383,7825,153307,42527
87383,7629,141253,40391
87383,7642,228516,40324
174764,20776,328702,107238
174764,19149,270905,99177
174764,20014,3012939,107512
174764,20187,310454,109761
174764,18776,653067,99448
174764,18260,322956,98720
174764,17798,298307,99979
174764,16413,412658,95131
174764,18322,691840,96129
174764,17050,351879,97705
174764,18410,373949,95231
174764,16526,320904,91779
174764,16728,1030155,90928
174764,16576,490938,91284
174764,17990,301973,96488
174764,18149,479182,98088
174764,18783,359890,94974
174764,17193,773708,90677
174764,17888,631163,92883
174764,16850,201527,95124
174764,18575,494277,90604
174764,19033,278363,101074
174764,18665,398078,101063
174764,20261,469048,104051
174764,18599,307321,96951
174764,16674,227338,90816
174764,21733,795949,99846
174764,19032,328024,99769
174764,18744,514113,104486
174764,22976,531136,106263
174764,17414,676056,98924
174764,20814,536745,90833
174764,18871,611145,90155
174764,16722,444186,93186
174764,17738,412593,91120
174764,17789,283059,97208
174764,19048,419364,97069
174764,18010,751799,97676
174764,17313,282795,92742
174764,16587,446184,91261
174764,16617,547558,91428
174764,16347,345588,92586
174764,17649,318634,96821
174764,18964,356675,96553
174764,17631,407201,98116
174764,16674,993442,90652
174764,18576,435881,91521
174764,18084,367932,100470
174764,16966,230575,91056
174764,18744,439518,2418763
174764,18398,591582,105076
174764,18999,375438,106434
174764,18458,382430,98679
174764,19434,781578,101165
174764,16697,297551,91740
174764,16809,310453,90587
174764,18370,685394,96480
174764,17802,413618,95991
174764,17235,250172,97585
174764,17326,374251,97464
174764,16522,565253,94079
174764,16872,216214,92137
174764,16949,1124809,92896
174764,18835,906608,94496
174764,18228,292737,96373
174764,19482,893157,91458
174764,17563,385065,91724
174764,18134,332937,90790
174764,16294,340961,93304
174764,18955,609005,96242
174764,20531,619249,105442
174764,17355,262235,96748
174764,18312,436071,95349
174764,17969,290028,99947
174764,18862,472593,98832
174764,18977,289521,100562
174764,20339,719187,104918
174764,19585,430401,97275
174764,19543,450377,96206
174764,18016,341745,97640
174764,16788,281616,90878
174764,17019,221809,92225
174764,16663,306553,93742
174764,16957,283740,90158
174764,19001,275051,96485
174764,20382,978678,102654
174764,18745,471469,97285
174764,16527,283528,91928
174764,17859,233488,90343
174764,18060,280970,92261
174764,16221,301797,90354
174764,18838,517411,98459
174764,19370,287735,95460
174764,19470,521516,97273
174764,19019,216147,95907
174764,19674,575868,98385
174764,18308,355139,94329
174764,17199,3489597,93481
174764,18591,426230,103508
174764,20754,683938,108095
349527,37189,533021,212007
349527,37439,1668165,209448
349527,41654,751782,224540
349527,37410,646042,210731
349527,36721,1213758,209051
349527,38931,1681497,224170
349527,38566,853319,209489
349527,41554,391481,232223
349527,40062,570280,225030
349527,44147,808523,246012
349527,41234,580903,228667
349527,40944,551916,221793
349527,39086,971736,224332
349527,36253,473309,211968
349527,38873,958776,209371
349527,39329,909680,224636
349527,37069,789392,210701
349527,37307,592273,209710
349527,40785,1096461,227248
349527,36303,1144091,212999
349527,40016,1702320,233596
349527,40880,1123580,236376
349527,37880,661041,221443
349527,37490,467371,211179
349527,40538,583127,225444
349527,37480,716375,210172
349527,36581,903900,209988
349527,39250,928536,234930
349527,39103,2205535,219626
349527,40967,1562724,224412
349527,44222,612188,249349
349527,36311,1242093,211461
349527,36554,563554,209830
349527,40079,433519,224783
349527,35897,623825,211571
349527,37090,721953,210962
349527,39549,505917,249600
349527,39743,1229022,223782
349527,36253,560839,208764
349527,40572,1080405,226791
349527,44748,586798,249155
349527,41190,799155,230462
349527,45814,1086028,252925
349527,44840,1536212,261991
349527,42594,837377,240929
349527,43420,718441,242094
349527,45969,1015310,248065
349527,40236,1014569,228324
349527,39929,1094397,228533
349527,43725,860389,245397
349527,40481,2249147,-373307
349527,43006,980708,249190
349527,40406,591464,226162
349527,36375,528758,208325
349527,37695,446808,211419
349527,39632,550245,226450
349527,39684,613548,209385
349527,38859,599417,211798
349527,44621,1626693,244474
349527,45931,797509,247159
349527,39473,790208,228295
349527,42486,611850,1708247
349527,44648,1652049,249743
349527,39534,479263,227413
349527,44104,645295,252316
349527,42972,743075,250419
349527,38782,736587,206894
349527,37467,538295,210470
349527,38773,1876769,222895
349527,37782,712099,208835
349527,36312,546476,223400
349527,39639,584375,226848
349527,41598,4171170,230120
349527,36847,772764,215900
349527,42478,1000252,228361
349527,38089,586027,209223
349527,37494,1413426,224932
349527,41728,919440,223066
349527,37517,783557,224598
349527,36832,826322,213126
349527,42476,679857,244687
349527,40413,2224871,225822
349527,40826,649979,242605
349527,41664,594703,230291
349527,38624,781645,215758
349527,37858,555811,214367
349527,40558,658911,228449
349527,38300,1125711,215904
349527,37935,587495,213020
349527,41848,679368,235831
349527,40940,1194549,235841
349527,37676,798661,218658
349527,39792,1250641,233771
349527,39531,2704473,219217
349527,39351,577549,219100
349527,40603,2197574,233780
349527,38185,714735,213316
349527,42623,757928,220241
349527,39009,1138857,224710
349527,36931,768007,213357
699052,97488,920025,604060
699052,95757,865879,526533
699052,86316,1498334,518656
699052,96819,1227178,533848
699052,94115,2272508,553755
699052,90430,1457289,521121
699052,87022,4192666,509977
699052,91381,1495717,534607
699052,94260,1270247,530505
699052,103254,3475745,562864
699052,85782,1632933,513444
699052,86276,2692862,500624
699052,95344,1142915,555757
699052,93388,1187400,566618
699052,108972,1973410,616297
699052,108584,2312731,537254
699052,98144,864844,605234
699052,93992,2833272,599521
699052,96975,2211684,558567
699052,86799,1918029,546757
699052,88118,2570997,515563
699052,89820,1199315,590245
699052,97683,1660226,556258
699052,95275,1171259,587175
699052,89208,1925425,543253
699052,90750,2534275,550033
699052,89779,1494717,552582
699052,96494,2377694,3013187
699052,88185,1453677,544682
699052,96755,1100748,534009
699052,92447,2009491,540152
699052,86857,1862445,511928
699052,89490,5671102,536680
699052,90936,1255348,539780
699052,90803,2094034,548137
699052,88728,905877,520168
699052,101994,6710093,556878
699052,86113,1394469,533812
699052,94536,1687867,538482
699052,92343,978380,535655
699052,88447,2610994,523339
699052,90621,1199460,528909
699052,92649,1256277,544787
699052,97609,1534830,594000
699052,89036,1360261,536696
699052,90691,2525589,2641452
699052,94149,1525461,557858
699052,88080,1212753,543491
699052,89467,1459506,527296
699052,91172,2296760,530473
699052,90838,1224997,556282
699052,90494,1923013,548120
699052,93956,1532597,554527
699052,93831,1812213,566551
699052,92171,984249,558817
699052,91382,1307527,558306
699052,93042,2488965,507100
699052,92148,1407579,534324
699052,91530,1160667,567869
699052,89890,1263488,2720724
699052,85724,3431518,500115
699052,87906,1618521,523560
699052,89565,2061159,540454
699052,89548,1339589,510921
699052,93581,1397254,534614
699052,86415,1223178,547550
699052,87043,1960786,490401
699052,85171,1240557,518726
699052,88145,2789750,526043
699052,106922,1005222,527049
699052,85423,2492804,495788
699052,85551,1287908,502411
699052,94289,1124533,526505
699052,92639,1527549,553963
699052,85290,2046799,492490
699052,89011,1445801,539387
699052,88257,1939075,524699
699052,86679,2629149,525448
699052,84604,1225679,492893
699052,88547,1365421,528279
699052,96365,1593447,569179
699052,84869,1288177,492821
699052,84613,2727078,489852
699052,87785,965113,521702
699052,84308,1495501,500726
699052,91460,1282080,490753
699052,96930,1297683,573526
699052,96941,2840898,567232
699052,97452,4292432,535930
699052,87271,2520682,496439
699052,85274,1215768,496617
699052,89835,1888292,524980
699052,100143,2277023,568944
699052,85308,2231277,496434
699052,85188,1279294,494301
699052,88429,1864798,526356
699052,88485,5781014,545080
699052,94252,1300612,499918
699052,85155,1529553,493938
699052,88607,4732830,496366
1398103,211809,3794255,1443559
1398103,178601,3108489,1191527
1398103,213739,5229497,1350065
1398103,174742,3590590,1227124
1398103,191131,5866237,1243528
1398103,185557,3068273,1287384
1398103,202142,3464256,3744811
1398103,188155,9102134,1251202
1398103,187363,7117124,1247243
1398103,177249,5637452,1157045
1398103,189689,2499472,1303506
1398103,189057,3211301,1117825
1398103,188444,10841689,1165617
1398103,191417,9303298,1253265
1398103,189047,7757182,1187877
1398103,181062,2352290,1168666
1398103,179511,2747011,1197227
1398103,182553,2666868,1165743
1398103,179030,4778510,1148306
1398103,180185,1921568,1164371
1398103,175456,4520875,1140867
1398103,180307,2201676,1189337
1398103,180184,5863450,1165843
1398103,181020,2997161,1180512
1398103,189437,3877235,4020502
1398103,181214,3971434,1155825
1398103,199198,3113339,1334682
1398103,186375,3817725,1132322
1398103,192188,8213634,1209997
1398103,192806,3502941,1144479
1398103,205160,4736832,3990043
1398103,177647,1795130,1133118
1398103,215541,3897533,1419253
1398103,184477,7133588,1186235
1398103,212941,9671309,1282641
1398103,186276,4394509,1295045
1398103,184784,5040252,1232502
1398103,182903,3063869,1241584
1398103,187452,2570738,4335756
1398103,190969,7829178,1232434
1398103,185723,6683555,1176294
1398103,185418,8463487,1170822
1398103,184291,4232325,1161072
1398103,187999,3406986,1244625
1398103,181431,2737733,1169866
1398103,181889,8223622,1162843
1398103,185425,3171617,1312527
1398103,180043,1654997,1177216
1398103,198503,5363674,1177192
1398103,178472,2583358,1247700
1398103,2821099,3851590,1184013
1398103,181387,1798483,1235481
1398103,185233,4604631,1195166
1398103,185001,2470253,1216534
1398103,179648,2276942,1162716
1398103,175553,4344757,1126189
1398103,179412,1758733,1204350
1398103,180943,3941685,1174095
1398103,176910,1645733,1200922
1398103,192072,11417524,1252436
1398103,178363,1720654,1157885
1398103,194115,7264565,1299582
1398103,177115,3909592,1184040
1398103,192137,5390022,1225271
1398103,179324,2779464,1210581
1398103,183984,4338722,4097787
1398103,183115,2374719,1225007
1398103,183051,1826156,1205140
1398103,179552,2646549,1199392
1398103,177049,2569781,1172096
1398103,181041,6641038,1156667
1398103,184371,4768330,1200596
1398103,179701,5047771,1202278
1398103,185354,5253210,1233277
1398103,178428,3452620,1160213
1398103,186188,2248892,1237164
1398103,189235,4056060,1223154
1398103,179568,2449414,1189752
1398103,184681,2935631,1262894
1398103,177250,3191263,1177288
1398103,200510,4577253,1338005
1398103,179429,2797572,1182231
1398103,189729,1731530,1253918
1398103,188765,9320903,1175805
1398103,201685,6096370,1282576
1398103,176863,3965212,1181498
1398103,199979,3439462,1318589
1398103,178387,2384799,1242015
1398103,182336,3856717,1302016
1398103,186717,2281850,1183494
1398103,179892,2369474,1156157
1398103,179187,3369244,1207201
1398103,179581,2317025,1134183
1398103,184001,8078766,1148186
1398103,183099,3165750,1130690
1398103,174179,1594577,1127182
1398103,179715,2937476,1145526
1398103,199527,6890079,1311290
1398103,215312,1972842,1439506
1398103,219969,3826267,1393165
2796204,441255,17755710,3337722
2796204,428155,5962876,2875047
2796204,425744,9835700,2766507
2796204,430317,6261535,2838417
2796204,424577,7713896,2967630
2796204,418089,6276768,2959685
2796204,464640,5976624,3013296
2796204,400258,7945760,5095626
2796204,398644,4907047,5046948
2796204,392611,15985015,2655680
2796204,390879,8598156,2827821
2796204,419377,9073337,2653848
2796204,392410,8037467,2657908
2796204,438476,9442475,2865048
2796204,420298,5456822,2734095
2796204,383430,3581223,2771644
2796204,409181,6646708,3078945
2796204,423963,5870048,2767366
2796204,432245,13946108,2743023
2796204,392152,8470980,2743613
2796204,402868,5703439,2853280
2796204,397793,5100072,2671269
2796204,383314,6508980,2906371
2796204,428465,7110771,4888980
2796204,420226,5506835,4822454
2796204,421916,12768863,2883539
2796204,426828,11196944,2670821
2796204,416571,7801580,2765478
2796204,387265,10644899,2637362
2796204,391708,9247077,2724751
2796204,390448,3758069,2732320
2796204,387404,5024424,2653093
2796204,389425,4956236,2867536
2796204,389087,6884022,2585990
2796204,394575,7684004,2729318
2796204,381165,5282234,2698679
2796204,410082,7162670,2799968
2796204,401302,5787716,2636356
2796204,382120,12367351,2645527
2796204,407372,8504027,2868552
2796204,389051,4322302,2745610
2796204,384971,3574369,2645355
2796204,389473,4920581,2759982
2796204,399388,10111733,2742548
2796204,405064,4303773,2819868
2796204,406673,5720144,2678330
2796204,399246,6901726,2887577
2796204,428118,13321202,4324178
2796204,386107,11588346,2674562
2796204,397735,11083887,2706133
2796204,432188,10869291,2765740
2796204,405480,15825552,2720535
2796204,389603,3315489,2754686
2796204,398156,15195610,2753133
2796204,381750,7837130,2841608
2796204,397479,12485267,5545351
2796204,397078,4404392,5522879
2796204,419183,8327976,2852184
2796204,407539,6691406,2805299
2796204,390363,12612603,2606034
2796204,401669,9219706,2735200
2796204,399976,19935594,2580134
2796204,376855,3087530,2641999
2796204,463535,11824023,3105208
2796204,426921,10538650,2785462
2796204,416595,8249318,2651927
2796204,407356,6273225,2898006
2796204,435205,8045080,2929387
2796204,408224,11204729,2696921
2796204,394969,6658734,2914350
2796204,383650,6277174,2719357
2796204,415159,8450239,2906554
2796204,387040,6891619,2747868
2796204,379341,7774707,2659933
2796204,432672,8133919,2796129
2796204,413258,8625160,3198396
2796204,424948,5540614,2640200
2796204,426764,9292569,2840387
2796204,396088,8259403,4597561
2796204,412410,5657184,4645161
2796204,394609,7365254,2926786
2796204,385684,3784711,5036242
2796204,390044,6339754,5076758
2796204,425066,7979547,3094353
2796204,426185,5797844,2903775
2796204,384578,17657418,2756344
2796204,428179,13748322,2730066
2796204,389909,5197622,2695521
2796204,381563,3263814,2630168
2796204,389329,6299294,2818744
2796204,410830,13305660,2810345
2796204,402111,7020671,2870137
2796204,409807,20697819,2841781
2796204,407533,4929738,2850121
2796204,415294,5750818,2782772
2796204,422173,6414705,2872425
2796204,388938,6310747,2690540
2796204,398368,6906089,2798228
2796204,389303,4497762,2686344
2796204,391698,7534083,2828347
5592407,818137,36662228,6735964
5592407,841726,11618483,9794089
5592407,799349,11156786,6650526
5592407,893701,12282167,6648128
5592407,1228051,12665449,6968245
5592407,885053,15514225,6499237
5592407,845484,19121622,6401092
5592407,834687,14826422,5722701
5592407,982920,13028589,6317432
5592407,889050,32962367,6140615
5592407,769524,8895652,6152467
5592407,818549,8029908,5835548
5592407,779652,10828592,5943005
5592407,758643,16003587,6044394
5592407,760301,10867175,5933117
5592407,778939,17208899,5937920
5592407,778789,14462047,5901367
5592407,816378,34183137,8063691
5592407,763585,20600507,5862820
5592407,840673,12297839,5844993
5592407,764016,15121659,5945264
5592407,793976,8767826,5803072
5592407,801371,9840717,5836212
5592407,768929,34605860,5709405
5592407,761027,21659575,5961916
5592407,771670,8404565,5734262
5592407,765012,15775905,8314410
5592407,780811,10683194,7805874
5592407,790017,28649120,5815319
5592407,772360,8783067,5808826
5592407,770578,10303813,5915605
5592407,783962,13427830,5875639
5592407,813410,13960516,7687857
5592407,779066,10135644,8267928
5592407,2913565,12870948,5887111
5592407,767253,20378740,5679573
5592407,752415,12935183,5690389
5592407,746077,13196943,5722243
5592407,753720,18483546,6015945
5592407,3677889,19544723,6454531
5592407,811522,16029409,5870072
5592407,748548,17561086,5804937
5592407,740238,13454045,5610285
5592407,743968,20182310,5761011
5592407,787094,13923594,5932466
5592407,787249,11574352,8096214
5592407,791450,20498829,5754102
5592407,764613,20246851,5711403
5592407,765711,36341189,6007724
5592407,775372,17363176,5863149
5592407,757366,9280795,5967939
5592407,755764,12507555,6147693
5592407,770509,8960761,5988682
5592407,822618,12452110,5811087
5592407,823414,15159804,8234937
5592407,760203,13326817,5877098
5592407,847926,14794566,5803948
5592407,767754,13891281,5780040
5592407,756674,15261100,5921112
5592407,760612,7851105,5792694
5592407,815960,13158103,5910582
5592407,784047,38081218,5799904
5592407,766579,12595660,5776278
5592407,751703,11655089,5742427
5592407,767591,19736513,5720833
5592407,759699,14258979,5742354
5592407,774094,9207471,5848158
5592407,761109,10105525,6083382
5592407,778906,11400240,8128292
5592407,760904,32268508,5885789
5592407,754267,7927334,5935283
5592407,767416,23189901,8275090
5592407,761564,6413148,8283382
5592407,755195,9262805,8218738
5592407,757786,12760978,6131178
5592407,758024,24083110,5787644
5592407,768050,8926980,5971362
5592407,771206,6667974,5691607
5592407,756267,10106466,5794395
5592407,760520,7253690,5970468
5592407,784697,34582611,5888153
5592407,781928,13079240,6063440
5592407,864312,30172157,5818444
5592407,759062,17038926,5817723
5592407,3187034,35774695,5832522
5592407,778999,20397584,5850511
5592407,790440,32126512,8003046
5592407,763007,16729911,6102509
5592407,759141,20129759,6031347
5592407,754508,11221252,5857448
5592407,763080,34445614,5684172
5592407,754758,13747295,5868082
5592407,764414,14381933,5875540
5592407,786844,10046823,5700347
5592407,775660,11825858,5961257
5592407,760318,11922541,8579120
5592407,791025,11461601,8504355
5592407,812739,9311230,8292148
5592407,786573,8401162,8236631
5592407,762584,19858666,5713433
11184812,1718544,17698146,16455390
11184812,1926575,55965287,16179615
11184812,1774274,62502866,13758423
11184812,1739170,32755897,13737338
11184812,1808670,35790634,14561729
11184812,1697614,31682202,14104523
11184812,2153355,23772055,14040319
11184812,1709859,22061824,15644459
11184812,1737225,45778538,13466349
11184812,1685664,21331811,15892005
11184812,1587633,32979145,12588052
11184812,1638152,22508124,16096820
11184812,1614097,27501030,12579836
11184812,1622028,16887906,16183177
11184812,1897266,49345258,14967615
11184812,1639067,35260593,13215927
11184812,1682850,24728154,15499982
11184812,1618739,25594788,14767091
11184812,1669664,48752199,15689954
11184812,1701336,36794385,15579242
11184812,1703847,19283638,12692916
11184812,4489409,37891088,12830573
11184812,1637619,24724301,13025038
11184812,1649860,33255683,12916276
11184812,1630527,42817330,13148296
11184812,1651804,20223738,15660270
11184812,1616150,54855921,12842007
11184812,1685502,35028539,12680424
11184812,4505363,39466271,12667781
11184812,1606062,16799932,12526917
11184812,1583283,24999430,15123526
11184812,1691506,81619640,15599150
11184812,1660934,40725380,15645133
11184812,1677742,68369998,15764439
11184812,4645789,19611501,13566083
11184812,1672762,20651947,12999599
11184812,1613134,20817523,15685429
11184812,1905574,43096144,13512300
11184812,2018543,18155567,15938772
11184812,1785812,27453037,15346564
11184812,1954771,36151741,18101092
11184812,2265425,24767100,17376638
11184812,1761318,49460261,14820985
11184812,1798367,37699183,14613089
11184812,1670453,29657975,13507356
11184812,1613154,38030070,12775481
11184812,1740100,25541428,12881068
11184812,1993098,27918853,17563153
11184812,1979240,41020493,14657932
11184812,1682752,65037131,14618918
11184812,2095210,39130176,14963920
11184812,1770535,62265106,13863860
11184812,1987538,32120215,16532767
11184812,1646590,32520113,14997530
11184812,1984300,24199660,12892529
11184812,1684032,22870989,13850426
11184812,1687937,33895082,13332176
11184812,1652653,22682285,14190456
11184812,1709418,24423251,14008303
11184812,1702639,47498472,15738055
11184812,1723186,59784256,13990750
11184812,1734854,36419944,15665845
11184812,1784182,53717944,13345804
11184812,1627712,46460903,17050003
11184812,1844943,13994173,14006666
11184812,1608844,45036669,13361954
11184812,1665382,33943801,13805803
11184812,4144673,23184538,13773344
11184812,1701231,55424537,15734318
11184812,1674989,55433509,13605258
11184812,1718795,29955303,13546686
11184812,1665451,42540301,13299880
11184812,1695820,49611538,16639258
11184812,1668814,60716682,13054929
11184812,1929562,16009517,13946520
11184812,1802925,57736157,16010213
11184812,1723426,21739287,13544053
11184812,1834781,40832711,15702267
11184812,1642239,18908857,13970403
11184812,1733223,25186114,13785787
11184812,1707377,24634215,13229326
11184812,1636172,28127920,17220429
11184812,1674547,28498010,17342872
11184812,1689996,30975328,17749896
11184812,1652386,84058227,14340417
11184812,1699285,16588945,13386716
11184812,1619957,18632142,13500939
11184812,1782133,20791143,13197089
11184812,1674758,37224417,13198006
11184812,1692011,20648161,13785709
11184812,1718273,26482763,16067674
11184812,1655122,21941812,13841443
11184812,1681183,34643578,16002842
11184812,1644623,47249303,13757266
11184812,4273808,35779496,13535700
11184812,1647883,16906056,13215876
11184812,1616769,15175262,16644128
11184812,1673710,33395510,16414520
11184812,1675457,21573943,16344460
11184812,1676655,32323379,16210375
