n,LargestListSize
1,1
2,1
3,1
4,1
5,1
6,1
7,1
8,1
9,1
10,1
11,1
12,1
13,1
14,1
15,2
16,2
17,2
18,2
19,2
20,2
21,2
22,2
23,2
24,2
25,2
26,2
27,2
28,2
29,2
30,2
31,2
32,2
1,1
2,1
3,1
4,1
5,1
6,1
7,1
8,1
9,1
10,1
11,1
12,1
13,1
14,1
15,2
16,2
17,2
18,2
19,2
20,2
21,2
22,2
23,2
24,2
25,2
26,2
27,2
28,2
29,2
30,2
31,2
32,2
33,2
34,2
35,2
36,2
37,2
38,2
39,2
40,2
41,3
42,3
43,3
44,3
45,3
46,3
47,3
48,3
49,3
50,3
51,3
52,3
53,3
54,3
55,4
56,4
57,4
58,4
59,4
60,4
61,4
62,4
63,4
64,4
1,1
2,1
3,1
4,1
5,1
6,1
7,1
8,1
9,1
10,1
11,1
12,1
13,1
14,1
15,1
16,1
17,1
18,1
19,1
20,1
21,1
22,1
23,1
24,1
25,2
26,2
27,2
28,2
29,2
30,2
31,2
32,2
33,2
34,2
35,2
36,2
37,2
38,2
39,2
40,2
41,2
42,2
43,2
44,2
45,2
46,2
47,2
48,2
49,2
50,3
51,3
52,3
53,3
54,3
55,3
56,3
57,3
58,3
59,3
60,3
61,3
62,3
63,3
64,3
65,3
66,3
67,3
68,3
69,4
70,4
71,4
72,4
73,4
74,4
75,4
76,4
77,4
78,4
79,4
80,4
81,4
82,4
83,4
84,4
85,4
86,4
87,4
88,4
89,4
90,4
91,4
92,4
93,4
94,4
95,4
96,4
97,4
98,4
99,4
100,4
101,4
102,4
103,4
104,4
105,4
106,5
107,5
108,5
109,5
110,5
111,5
112,5
113,5
114,5
115,5
116,5
117,5
118,5
119,5
120,5
121,5
122,5
123,5
124,5
125,5
126,5
127,5
128,5
1,1
2,1
3,1
4,1
5,1
6,1
7,1
8,1
9,1
10,1
11,1
12,1
13,1
14,1
15,1
16,1
17,1
18,1
19,1
20,1
21,1
22,1
23,1
24,1
25,2
26,2
27,2
28,2
29,2
30,2
31,2
32,2
33,2
34,2
35,2
36,2
37,2
38,2
39,2
40,2
41,2
42,2
43,2
44,2
45,2
46,2
47,2
48,2
49,2
50,2
51,2
52,2
53,2
54,2
55,2
56,2
57,2
58,2
59,2
60,2
61,2
62,2
63,2
64,3
65,3
66,3
67,3
68,3
69,4
70,4
71,4
72,4
73,4
74,4
75,4
76,4
77,4
78,4
79,4
80,4
81,4
82,4
83,4
84,4
85,4
86,4
87,4
88,4
89,4
90,4
91,4
92,4
93,4
94,4
95,4
96,4
97,4
98,4
99,4
100,4
101,4
102,4
103,4
104,4
105,4
106,5
107,5
108,5
109,5
110,5
111,5
112,5
113,5
114,5
115,5
116,5
117,5
118,5
119,5
120,5
121,5
122,5
123,5
124,5
125,5
126,5
127,5
128,5
129,5
130,5
131,5
132,5
133,5
134,5
135,5
136,5
137,5
138,5
139,5
140,5
141,5
142,5
143,5
144,5
145,5
146,5
147,5
148,5
149,5
150,5
151,5
152,5
153,5
154,5
155,5
156,5
157,5
158,5
159,5
160,5
161,5
162,5
163,5
164,5
165,5
166,5
167,5
168,5
169,5
170,5
171,5
172,5
173,5
174,5
175,5
176,5
177,5
178,5
179,5
180,5
181,5
182,5
183,5
184,5
185,5
186,5
187,5
188,5
189,5
190,5
191,5
192,5
193,5
194,5
195,5
196,5
197,5
198,5
199,5
200,5
201,5
202,5
203,5
204,5
205,5
206,5
207,5
208,5
209,5
210,5
211,5
212,5
213,5
214,5
215,5
216,5
217,5
218,5
219,5
220,5
221,5
222,5
223,5
224,5
225,5
226,5
227,5
228,5
229,5
230,5
231,5
232,5
233,5
234,5
235,5
236,5
237,5
238,5
239,5
240,5
241,5
242,5
243,5
244,5
245,5
246,6
247,6
248,6
249,6
250,6
251,6
252,6
253,6
254,6
255,6
256,6
1,1
2,1
3,1
4,1
5,1
6,1
7,1
8,1
9,1
10,1
11,1
12,1
13,1
14,1
15,1
16,1
17,1
18,1
19,1
20,1
21,1
22,1
23,1
24,1
25,2
26,2
27,2
28,2
29,2
30,2
31,2
32,2
33,2
34,2
35,2
36,2
37,2
38,2
39,2
40,2
41,2
42,2
43,2
44,2
45,2
46,2
47,2
48,2
49,2
50,2
51,2
52,2
53,2
54,2
55,2
56,2
57,2
58,2
59,2
60,2
61,2
62,2
63,2
64,3
65,3
66,3
67,3
68,3
69,4
70,4
71,4
72,4
73,4
74,4
75,4
76,4
77,4
78,4
79,4
80,4
81,4
82,4
83,4
84,4
85,4
86,4
87,4
88,4
89,4
90,4
91,4
92,4
93,4
94,4
95,4
96,4
97,4
98,4
99,4
100,4
101,4
102,4
103,4
104,4
105,4
106,4
107,4
108,4
109,4
110,4
111,4
112,4
113,4
114,4
115,4
116,4
117,4
118,4
119,4
120,4
121,4
122,4
123,4
124,4
125,4
126,4
127,4
128,4
129,4
130,4
131,4
132,4
133,4
134,4
135,4
136,4
137,4
138,4
139,4
140,4
141,4
142,4
143,4
144,4
145,4
146,4
147,4
148,4
149,4
150,4
151,4
152,4
153,4
154,4
155,4
156,4
157,4
158,4
159,4
160,4
161,4
162,4
163,4
164,4
165,4
166,4
167,4
168,4
169,4
170,4
171,4
172,4
173,4
174,4
175,4
176,4
177,4
178,4
179,4
180,4
181,4
182,4
183,4
184,4
185,4
186,4
187,4
188,4
189,4
190,4
191,4
192,4
193,4
194,4
195,4
196,4
197,4
198,4
199,4
200,4
201,4
202,4
203,4
204,4
205,4
206,4
207,4
208,4
209,4
210,4
211,4
212,4
213,4
214,4
215,4
216,4
217,4
218,4
219,4
220,4
221,4
222,4
223,4
224,4
225,4
226,4
227,4
228,4
229,4
230,4
231,4
232,4
233,4
234,4
235,4
236,4
237,4
238,4
239,4
240,4
241,4
242,5
243,5
244,5
245,5
246,5
247,5
248,5
249,5
250,5
251,5
252,5
253,5
254,5
255,5
256,5
257,5
258,5
259,5
260,5
261,5
262,5
263,5
264,5
265,5
266,5
267,5
268,5
269,5
270,5
271,5
272,5
273,5
274,5
275,5
276,5
277,5
278,5
279,5
280,5
281,5
282,5
283,5
284,5
285,5
286,5
287,5
288,5
289,5
290,5
291,5
292,5
293,5
294,5
295,5
296,5
297,5
298,5
299,5
300,5
301,5
302,5
303,5
304,5
305,5
306,5
307,5
308,5
309,6
310,6
311,6
312,6
313,6
314,6
315,6
316,6
317,6
318,6
319,6
320,6
321,6
322,6
323,6
324,6
325,6
326,6
327,6
328,6
329,6
330,6
331,6
332,6
333,6
334,6
335,7
336,7
337,7
338,7
339,7
340,7
341,7
342,7
343,7
344,7
345,7
346,7
347,7
348,7
349,7
350,7
351,7
352,7
353,7
354,7
355,7
356,7
357,7
358,7
359,7
360,7
361,7
362,7
363,7
364,7
365,7
366,7
367,7
368,7
369,7
370,7
371,7
372,7
373,7
374,7
375,7
376,7
377,7
378,7
379,7
380,7
381,7
382,7
383,7
384,7
385,7
386,7
387,7
388,7
389,7
390,7
391,7
392,7
393,7
394,7
395,7
396,7
397,7
398,7
399,7
400,7
401,7
402,7
403,7
404,7
405,7
406,7
407,7
408,7
409,7
410,7
411,7
412,7
413,7
414,7
415,7
416,7
417,7
418,7
419,7
420,7
421,7
422,7
423,7
424,7
425,7
426,7
427,7
428,7
429,7
430,7
431,7
432,7
433,7
434,7
435,7
436,7
437,7
438,7
439,7
440,7
441,7
442,7
443,7
444,7
445,7
446,7
447,7
448,7
449,7
450,7
451,7
452,7
453,7
454,7
455,7
456,7
457,7
458,7
459,7
460,7
461,7
462,7
463,7
464,7
465,7
466,7
467,7
468,7
469,7
470,7
471,7
472,7
473,7
474,8
475,8
476,8
477,8
478,8
479,8
480,8
481,8
482,8
483,8
484,8
485,8
486,8
487,8
488,8
489,8
490,8
491,8
492,8
493,8
494,8
495,8
496,8
497,8
498,8
499,8
500,8
501,8
502,8
503,8
504,8
505,8
506,8
507,8
508,8
509,8
510,8
511,8
512,8
1,1
2,1
3,1
4,1
5,1
6,1
7,1
8,1
9,1
10,1
11,1
12,1
13,1
14,1
15,1
16,1
17,1
18,1
19,1
20,1
21,1
22,1
23,1
24,1
25,1
26,1
27,1
28,1
29,1
30,1
31,1
32,1
33,1
34,1
35,1
36,2
37,2
38,2
39,2
40,2
41,2
42,2
43,2
44,2
45,2
46,2
47,2
48,2
49,2
50,2
51,2
52,2
53,2
54,2
55,2
56,2
57,2
58,2
59,2
60,2
61,2
62,2
63,2
64,3
65,3
66,3
67,3
68,3
69,4
70,4
71,4
72,4
73,4
74,4
75,4
76,4
77,4
78,4
79,4
80,4
81,4
82,4
83,4
84,4
85,4
86,4
87,4
88,4
89,4
90,4
91,4
92,4
93,4
94,4
95,4
96,4
97,4
98,4
99,4
100,4
101,4
102,4
103,4
104,4
105,4
106,4
107,4
108,4
109,4
110,4
111,4
112,4
113,4
114,4
115,4
116,4
117,4
118,4
119,4
120,4
121,4
122,4
123,4
124,4
125,4
126,4
127,4
128,4
129,4
130,4
131,4
132,4
133,4
134,4
135,4
136,4
137,4
138,4
139,4
140,4
141,4
142,4
143,4
144,4
145,4
146,4
147,4
148,4
149,4
150,4
151,4
152,4
153,4
154,4
155,4
156,4
157,4
158,4
159,4
160,4
161,4
162,4
163,4
164,4
165,4
166,4
167,4
168,4
169,4
170,4
171,4
172,4
173,4
174,4
175,4
176,4
177,4
178,4
179,4
180,4
181,4
182,4
183,4
184,4
185,4
186,4
187,4
188,4
189,4
190,4
191,4
192,4
193,4
194,4
195,4
196,4
197,4
198,4
199,4
200,4
201,4
202,4
203,4
204,4
205,4
206,4
207,4
208,4
209,4
210,4
211,4
212,4
213,4
214,4
215,4
216,4
217,4
218,4
219,4
220,4
221,4
222,4
223,4
224,4
225,4
226,4
227,4
228,4
229,4
230,4
231,4
232,4
233,4
234,4
235,4
236,4
237,4
238,4
239,4
240,4
241,4
242,4
243,4
244,4
245,4
246,5
247,5
248,5
249,5
250,5
251,5
252,5
253,5
254,5
255,5
256,5
257,5
258,5
259,5
260,5
261,5
262,5
263,5
264,5
265,5
266,5
267,5
268,5
269,5
270,5
271,5
272,5
273,5
274,5
275,5
276,5
277,5
278,5
279,5
280,5
281,5
282,5
283,5
284,5
285,5
286,5
287,5
288,5
289,5
290,5
291,5
292,5
293,5
294,5
295,5
296,5
297,5
298,5
299,5
300,5
301,5
302,5
303,5
304,5
305,5
306,5
307,5
308,5
309,5
310,5
311,5
312,5
313,5
314,5
315,5
316,5
317,5
318,5
319,5
320,5
321,5
322,5
323,5
324,5
325,5
326,5
327,5
328,5
329,5
330,5
331,5
332,5
333,5
334,5
335,6
336,6
337,6
338,6
339,6
340,6
341,6
342,6
343,6
344,6
345,6
346,6
347,6
348,6
349,6
350,6
351,6
352,6
353,6
354,6
355,6
356,6
357,6
358,6
359,6
360,6
361,6
362,6
363,6
364,6
365,6
366,6
367,6
368,6
369,6
370,6
371,6
372,6
373,6
374,6
375,6
376,6
377,6
378,6
379,6
380,6
381,6
382,6
383,6
384,6
385,6
386,6
387,6
388,6
389,6
390,6
391,6
392,6
393,6
394,6
395,6
396,6
397,6
398,6
399,6
400,6
401,6
402,6
403,6
404,6
405,6
406,6
407,6
408,6
409,6
410,6
411,6
412,6
413,6
414,6
415,6
416,6
417,6
418,6
419,6
420,6
421,6
422,6
423,6
424,6
425,6
426,6
427,6
428,6
429,6
430,6
431,6
432,6
433,6
434,6
435,6
436,6
437,6
438,6
439,6
440,6
441,6
442,6
443,6
444,6
445,6
446,6
447,6
448,6
449,6
450,6
451,6
452,6
453,6
454,6
455,6
456,6
457,6
458,6
459,6
460,6
461,6
462,6
463,6
464,6
465,6
466,6
467,6
468,6
469,6
470,6
471,6
472,6
473,6
474,7
475,7
476,7
477,7
478,7
479,7
480,7
481,7
482,7
483,7
484,7
485,7
486,7
487,7
488,7
489,7
490,7
491,7
492,7
493,7
494,7
495,7
496,7
497,7
498,7
499,7
500,7
501,7
502,7
503,7
504,7
505,7
506,7
507,7
508,7
509,7
510,7
511,7
512,7
513,7
514,7
515,7
516,7
517,7
518,7
519,7
520,7
521,7
522,7
523,7
524,7
525,7
526,7
527,7
528,7
529,7
530,7
531,7
532,7
533,7
534,7
535,8
536,8
537,8
538,8
539,8
540,8
541,8
542,8
543,8
544,8
545,8
546,8
547,8
548,8
549,8
550,8
551,8
552,8
553,8
554,8
555,8
556,8
557,8
558,8
559,8
560,8
561,8
562,8
563,8
564,8
565,8
566,8
567,8
568,8
569,8
570,8
571,8
572,8
573,8
574,8
575,8
576,8
577,8
578,8
579,8
580,8
581,8
582,8
583,8
584,8
585,8
586,8
587,8
588,9
589,9
590,9
591,9
592,9
593,9
594,9
595,9
596,9
597,9
598,9
599,10
600,10
601,10
602,10
603,10
604,10
605,10
606,10
607,10
608,10
609,10
610,10
611,10
612,10
613,10
614,10
615,10
616,10
617,10
618,10
619,10
620,10
621,10
622,10
623,10
624,10
625,10
626,10
627,10
628,10
629,10
630,10
631,10
632,10
633,10
634,10
635,10
636,10
637,10
638,10
639,10
640,10
641,10
642,10
643,10
644,10
645,10
646,10
647,10
648,10
649,10
650,10
651,10
652,10
653,10
654,10
655,10
656,10
657,10
658,10
659,10
660,10
661,10
662,10
663,10
664,10
665,10
666,10
667,10
668,10
669,10
670,10
671,10
672,10
673,10
674,10
675,10
676,10
677,10
678,10
679,10
680,10
681,10
682,10
683,10
684,10
685,10
686,10
687,10
688,10
689,10
690,10
691,10
692,10
693,11
694,11
695,11
696,11
697,11
698,11
699,11
700,11
701,11
702,11
703,11
704,11
705,11
706,11
707,11
708,11
709,11
710,11
711,11
712,11
713,11
714,11
715,11
716,11
717,11
718,11
719,11
720,11
721,11
722,11
723,12
724,12
725,12
726,12
727,12
728,12
729,12
730,12
731,12
732,12
733,12
734,12
735,12
736,12
737,12
738,12
739,12
740,12
741,12
742,12
743,12
744,12
745,12
746,12
747,12
748,12
749,12
750,12
751,12
752,12
753,12
754,12
755,12
756,12
757,12
758,12
759,12
760,12
761,12
762,12
763,12
764,12
765,12
766,12
767,12
768,12
769,12
770,12
771,12
772,12
773,12
774,12
775,12
776,12
777,12
778,12
779,12
780,12
781,12
782,12
783,12
784,12
785,12
786,12
787,12
788,12
789,12
790,12
791,12
792,12
793,12
794,12
795,12
796,12
797,12
798,12
799,12
800,12
801,12
802,12
803,12
804,12
805,12
806,12
807,12
808,12
809,12
810,12
811,12
812,12
813,12
814,12
815,12
816,12
817,12
818,12
819,12
820,12
821,12
822,12
823,12
824,13
825,13
826,13
827,13
828,13
829,13
830,13
831,13
832,13
833,13
834,13
835,13
836,13
837,13
838,13
839,13
840,13
841,13
842,13
843,13
844,13
845,13
846,13
847,13
848,13
849,13
850,13
851,13
852,13
853,13
854,13
855,13
856,13
857,13
858,13
859,13
860,13
861,13
862,13
863,13
864,13
865,13
866,13
867,13
868,13
869,13
870,13
871,13
872,13
873,13
874,13
875,13
876,13
877,13
878,13
879,13
880,13
881,13
882,13
883,13
884,13
885,13
886,13
887,13
888,13
889,13
890,13
891,13
892,13
893,13
894,13
895,13
896,13
897,13
898,13
899,13
900,13
901,13
902,13
903,13
904,13
905,13
906,13
907,13
908,13
909,13
910,13
911,13
912,13
913,13
914,13
915,13
916,13
917,13
918,13
919,13
920,13
921,13
922,13
923,13
924,13
925,13
926,13
927,13
928,13
929,13
930,13
931,13
932,13
933,13
934,13
935,13
936,13
937,13
938,13
939,13
940,13
941,13
942,13
943,13
944,13
945,13
946,13
947,13
948,13
949,13
950,13
951,13
952,13
953,13
954,14
955,14
956,14
957,14
958,14
959,14
960,14
961,14
962,14
963,14
964,14
965,14
966,14
967,14
968,14
969,14
970,14
971,14
972,14
973,14
974,14
975,14
976,14
977,14
978,14
979,14
980,14
981,14
982,14
983,14
984,14
985,14
986,14
987,14
988,14
989,14
990,14
991,14
992,15
993,15
994,15
995,15
996,15
997,15
998,15
999,15
1000,15
1001,15
1002,15
1003,15
1004,15
1005,15
1006,15
1007,15
1008,15
1009,15
1010,15
1011,15
1012,15
1013,16
1014,16
1015,16
1016,16
1017,16
1018,16
1019,16
1020,16
1021,16
1022,16
1023,16
1024,16
1,1
2,1
3,1
4,1
5,1
6,1
7,1
8,1
9,1
10,1
11,1
12,1
13,1
14,1
15,1
16,1
17,1
18,1
19,1
20,1
21,1
22,1
23,1
24,1
25,1
26,1
27,1
28,1
29,1
30,1
31,1
32,1
33,1
34,1
35,1
36,2
37,2
38,2
39,2
40,2
41,2
42,2
43,2
44,2
45,2
46,2
47,2
48,2
49,2
50,2
51,2
52,2
53,2
54,2
55,2
56,2
57,2
58,2
59,2
60,2
61,2
62,2
63,2
64,3
65,3
66,3
67,3
68,3
69,4
70,4
71,4
72,4
73,4
74,4
75,4
76,4
77,4
78,4
79,4
80,4
81,4
82,4
83,4
84,4
85,4
86,4
87,4
88,4
89,4
90,4
91,4
92,4
93,4
94,4
95,4
96,4
97,4
98,4
99,4
100,4
101,4
102,4
103,4
104,4
105,4
106,4
107,4
108,4
109,4
110,4
111,4
112,4
113,4
114,4
115,4
116,4
117,4
118,4
119,4
120,4
121,4
122,4
123,4
124,4
125,4
126,4
127,4
128,4
129,4
130,4
131,4
132,4
133,4
134,4
135,4
136,4
137,4
138,4
139,4
140,4
141,4
142,4
143,4
144,4
145,4
146,4
147,4
148,4
149,4
150,4
151,4
152,4
153,4
154,4
155,4
156,4
157,4
158,4
159,4
160,4
161,4
162,4
163,4
164,4
165,4
166,4
167,4
168,4
169,4
170,4
171,4
172,4
173,4
174,4
175,4
176,4
177,4
178,4
179,4
180,4
181,4
182,4
183,4
184,4
