n,insertion,query
7,54,1
7,46,1
7,91,1
7,47,1
7,87,1
7,57,1
7,36,1
7,109,1
7,119,1
7,60,1
7,69,1
7,56,1
7,37,1
7,73,1
7,21,1
7,46,1
7,21,1
7,34,1
7,34,1
7,33,1
7,46,1
7,46,1
7,46,1
7,58,1
7,21,1
7,21,1
7,34,1
7,23,1
7,21,1
7,46,1
7,21,1
7,79,1
7,44,1
7,41,2
7,64,1
7,34,1
7,70,1
7,46,1
7,34,1
7,21,1
7,71,1
7,34,1
7,21,0
7,38,1
7,21,1
7,28,1
7,21,1
7,21,1
7,68,2
7,21,1
7,59,1
7,46,1
7,77,1
7,31,2
7,57,1
7,22,1
7,32,1
7,38,2
7,46,1
7,49,1
7,22,1
7,59,1
7,62,1
7,60,1
7,21,1
7,45,1
7,36,1
7,47,1
7,58,1
7,138,1
7,148,1
7,47,1
7,35,1
7,46,1
7,21,1
7,21,1
7,71,1
7,34,1
7,59,1
7,98,2
7,44,1
7,40,1
7,35,1
7,46,1
7,58,1
7,21,1
7,49,1
7,34,1
7,34,1
7,34,1
7,59,1
7,45,1
7,46,1
7,34,1
7,21,1
7,45,1
7,57,1
7,57,1
7,36,0
7,34,1
12,76,1
12,27,1
12,52,1
12,89,1
12,52,1
12,39,1
12,27,1
12,75,1
12,27,1
12,27,1
12,51,1
12,94,1
12,69,1
12,39,1
12,73,1
12,51,1
12,64,1
12,42,1
12,27,1
12,39,1
12,39,1
12,32,1
12,27,1
12,39,1
12,39,1
12,52,1
12,27,1
12,64,1
12,27,1
12,93,1
12,40,1
12,52,1
12,99,1
12,52,1
12,52,1
12,52,2
12,64,1
12,39,1
12,76,1
12,89,1
12,52,1
12,64,1
12,76,1
12,52,1
12,51,1
12,39,1
12,64,1
12,39,1
12,52,1
12,77,1
12,51,1
12,39,1
12,96,1
12,27,1
12,53,1
12,64,1
12,38,1
12,52,1
12,39,1
12,63,1
12,44,1
12,64,1
12,39,1
12,27,1
12,26,1
12,39,1
12,57,1
12,27,1
12,27,1
12,27,1
12,64,1
12,27,1
12,51,1
12,52,1
12,64,1
12,39,1
12,52,1
12,88,1
12,65,1
12,27,1
12,27,1
12,51,2
12,31,3
12,77,1
12,39,1
12,52,1
12,26,1
12,39,1
12,57,1
12,138,1
12,64,1
12,30,1
12,39,1
12,39,1
12,50,1
12,52,1
12,57,1
12,98,1
12,39,1
12,26,1
23,63,3
23,63,3
23,38,2
23,138,3
23,137,3
23,75,3
23,75,3
23,38,3
23,75,3
23,63,3
23,186,3
23,75,3
23,38,3
23,38,3
23,76,3
23,51,3
23,100,3
23,63,3
23,38,3
23,51,3
23,88,3
23,150,3
23,38,3
23,75,3
23,75,3
23,51,3
23,145,5
23,50,3
23,38,3
23,73,3
23,90,3
23,38,3
23,50,3
23,88,3
23,159,3
23,38,3
23,137,3
23,63,3
23,63,3
23,50,3
23,63,3
23,63,3
23,88,3
23,75,3
23,162,3
23,87,3
23,79,3
23,75,3
23,63,3
23,99,3
23,75,3
23,59,3
23,38,3
23,87,3
23,113,3
23,100,3
23,76,3
23,72,3
23,73,3
23,102,3
23,63,3
23,137,3
23,51,3
23,63,3
23,50,3
23,99,3
23,38,3
23,48,3
23,38,3
23,51,3
23,108,3
23,84,3
23,63,3
23,63,3
23,63,3
23,38,3
23,87,3
23,88,3
23,63,3
23,84,3
23,63,3
23,100,3
23,112,3
23,88,3
23,63,3
23,173,3
23,75,3
23,38,3
23,63,3
23,100,3
23,63,3
23,67,3
23,75,3
23,88,3
23,38,3
23,50,18
23,56,3
23,63,3
23,76,3
23,63,18
44,75,5
44,153,18
44,219,5
44,157,5
44,100,5
44,170,6
44,108,5
44,87,5
44,93,5
44,71,5
44,77,5
44,81,5
44,108,5
44,144,5
44,98,5
44,120,5
44,136,5
44,157,5
44,57,5
44,193,5
44,120,5
44,297,6
44,99,5
44,82,5
44,57,5
44,111,5
44,70,5
44,159,6
44,170,6
44,82,5
44,57,5
44,70,5
44,108,5
44,82,5
44,90,7
44,359,6
44,107,5
44,157,5
44,131,5
44,107,5
44,156,5
44,95,5
44,95,5
44,95,5
44,238,6
44,309,5
44,185,6
44,109,5
44,135,80
44,323,6
44,174,5
44,96,5
44,209,5
44,314,5
44,155,5
44,316,5
44,284,5
44,90,5
44,247,18
44,302,5
44,121,5
44,275,5
44,120,5
44,418,5
44,270,43
44,267,5
44,172,5
44,80,5
44,232,5
44,109,5
44,499,6
44,112,22
44,175,5
44,96,5
44,92,5
44,187,5
44,128,5
44,214,5
44,162,6
44,108,5
44,629,6
44,195,5
44,175,5
44,191,6
44,367,6
44,233,5
44,120,5
44,255,5
44,170,5
44,169,5
44,275,9
44,298,10
44,186,19
44,140,5
44,161,5
44,150,5
44,198,5
44,297,6
44,199,6
44,119,5
87,210,10
87,163,11
87,526,11
87,172,11
87,261,10
87,346,13
87,272,11
87,312,11
87,135,10
87,237,11
87,229,10
87,174,10
87,136,10
87,297,11
87,573,11
87,512,12
87,225,10
87,162,11
87,321,11
87,171,10
87,255,17
87,264,17
87,265,10
87,297,11
87,124,10
87,268,11
87,239,11
87,294,11
87,298,11
87,298,11
87,471,11
87,161,10
87,159,10
87,235,10
87,200,11
87,140,14
87,386,11
87,135,10
87,215,11
87,259,10
87,136,11
87,141,10
87,123,10
87,340,11
87,152,11
87,99,10
87,161,10
87,189,10
87,630,19
87,498,11
87,193,20
87,237,11
87,175,11
87,230,14
87,670,15
87,185,11
87,190,11
87,206,11
87,254,11
87,260,13
87,453,11
87,252,11
87,378,21
87,250,23
87,659,19
87,564,19
87,355,11
87,275,11
87,186,11
87,327,11
87,499,11
87,310,11
87,594,11
87,122,10
87,271,11
87,313,11
87,213,23
87,166,10
87,334,13
87,138,10
87,185,11
87,262,11
87,478,11
87,205,10
87,237,11
87,254,11
87,521,12
87,203,11
87,235,10
87,275,11
87,361,11
87,465,11
87,186,13
87,161,10
87,242,11
87,540,12
87,168,11
87,235,10
87,212,14
87,185,10
172,572,32
172,546,21
172,577,21
172,507,22
172,390,20
172,465,37
172,590,21
172,435,20
172,1192,23
172,328,21
172,305,20
172,246,32
172,527,22
172,490,21
172,259,21
172,416,21
172,234,20
172,296,21
172,823,44
172,190,20
172,504,40
172,403,21
172,594,22
172,558,21
172,395,20
172,1311,48
172,263,21
172,973,23
172,431,21
172,510,21
172,1130,23
172,443,22
172,614,21
172,615,21
172,574,21
172,339,20
172,424,21
172,722,22
172,709,21
172,518,21
172,194,25
172,514,21
172,322,20
172,1152,23
172,268,21
172,308,20
172,454,21
172,415,20
172,642,21
172,318,57
172,490,22
172,191,31
172,258,21
172,488,28
172,1145,22
172,466,21
172,791,21
172,401,20
172,1212,23
172,450,21
172,428,21
172,1079,64
172,585,21
172,639,21
172,510,21
172,455,21
172,526,30
172,408,21
172,509,22
172,444,21
172,669,33
172,343,25
172,308,20
172,440,22
172,1121,22
172,254,21
172,402,21
172,662,21
172,661,21
172,530,21
172,463,21
172,923,22
172,218,20
172,1434,22
172,548,21
172,808,22
172,952,22
172,887,22
172,515,20
172,616,22
172,855,22
172,367,20
172,315,20
172,302,20
172,497,21
172,431,21
172,492,21
172,351,20
172,480,21
172,391,20
343,542,41
343,488,40
343,1021,42
343,470,41
343,1320,43
343,1305,43
343,2037,44
343,948,42
343,590,41
343,1267,44
343,2028,48
343,728,41
343,763,42
343,500,40
343,992,42
343,637,41
343,501,41
343,576,43
343,540,53
343,1201,43
343,597,49
343,697,41
343,991,42
343,2642,47
343,1136,46
343,759,45
343,630,41
343,1784,45
343,1432,44
343,558,41
343,597,41
343,923,42
343,928,42
343,847,42
343,424,40
343,557,41
343,668,41
343,1886,46
343,595,40
343,843,42
343,1828,44
343,716,42
343,1064,42
343,563,42
343,911,41
343,988,46
343,610,55
343,626,41
343,634,41
343,1641,45
343,1256,42
343,658,43
343,625,41
343,500,40
343,581,42
343,1853,45
343,830,41
343,1285,43
343,425,40
343,699,41
343,1026,43
343,464,40
343,675,42
343,1929,44
343,1329,45
343,551,41
343,495,41
343,578,41
343,1652,47
343,885,41
343,779,42
343,1123,43
343,734,42
343,601,40
343,1572,45
343,1915,45
343,486,41
343,389,40
343,641,41
343,856,42
343,700,42
343,1688,44
343,361,40
343,809,42
343,887,41
343,906,41
343,788,42
343,2651,58
343,869,43
343,1413,43
343,481,42
343,419,40
343,599,40
343,731,62
343,1006,42
343,2039,44
343,1097,42
343,1634,44
343,1218,42
343,849,41
684,1754,82
684,2182,86
684,1113,81
684,4744,99
684,3544,91
684,5537,101
684,2632,102
684,3786,89
684,1049,85
684,2459,85
684,1069,83
684,1410,83
684,1187,82
684,878,81
684,2409,92
684,1279,94
684,1338,82
684,1543,90
684,2667,90
684,2273,86
684,1474,96
684,3421,88
684,963,81
684,973,82
684,1111,81
684,960,81
684,2488,85
684,1114,82
684,860,88
684,1643,83
684,745,95
684,1053,81
684,900,81
684,1867,84
684,1158,83
684,1486,84
684,1266,81
684,1119,92
684,1116,91
684,1720,84
684,4476,96
684,2755,92
684,1198,85
684,1161,82
684,1121,79
684,4521,90
684,1055,83
684,904,81
684,1201,81
684,921,81
684,1052,86
684,2800,88
684,1166,83
684,1050,81
684,2295,87
684,3333,90
684,1449,84
684,1615,87
684,1890,87
684,1188,82
684,2948,108
684,2057,90
684,4141,88
684,1759,84
684,1965,85
684,1696,83
684,1777,83
684,1121,84
684,1500,83
684,895,81
684,3888,90
684,1255,82
684,1438,87
684,1856,88
684,1029,81
684,1595,83
684,1909,112
684,1502,82
684,1029,81
684,1022,86
684,2045,89
684,1077,82
684,2195,88
684,2724,89
684,2745,134
684,2322,87
684,1374,84
684,1571,83
684,1603,100
684,1748,88
684,1353,84
684,1842,86
684,3263,104
684,1371,85
684,1201,83
684,766,80
684,2101,92
684,1070,82
684,1113,82
684,1030,81
1367,3077,176
1367,2381,185
1367,9267,184
1367,4282,182
1367,3249,171
1367,2076,173
1367,1539,166
1367,8979,207
1367,2111,164
1367,7805,193
1367,3413,173
1367,4510,174
1367,2023,171
1367,4333,181
1367,4438,183
1367,2825,181
1367,8770,207
1367,2281,176
1367,3977,191
1367,5500,188
1367,2503,215
1367,7385,228
1367,2588,174
1367,3277,167
1367,4160,175
1367,4431,187
1367,5782,180
1367,1701,176
1367,2498,165
1367,5545,181
1367,1988,174
1367,3781,169
1367,1894,165
1367,4910,178
1367,2986,174
1367,4331,180
1367,4127,201
1367,2741,206
1367,4651,174
1367,6985,183
1367,1860,162
1367,3120,167
1367,6213,183
1367,7352,192
1367,3576,182
1367,1750,182
1367,3486,196
1367,3254,174
1367,4678,176
1367,2191,173
1367,4016,172
1367,1862,163
1367,5593,193
1367,4146,174
1367,1900,165
1367,1731,183
1367,3509,185
1367,3959,200
1367,2156,168
1367,4190,169
1367,2243,168
1367,3527,172
1367,2144,167
1367,4416,178
1367,4531,185
1367,2757,171
1367,1964,182
1367,3044,177
1367,1995,163
1367,4741,182
1367,12898,188
1367,3111,172
1367,2495,164
1367,3813,169
1367,9776,297
1367,2891,168
1367,2334,168
1367,3036,169
1367,2061,166
1367,2841,185
1367,1552,161
1367,3256,170
1367,5497,188
1367,5137,201
1367,2569,199
1367,2740,190
1367,4880,180
1367,2321,185
1367,5244,173
1367,1885,171
1367,4491,178
1367,1966,176
1367,1963,161
1367,4218,174
1367,2065,176
1367,2055,171
1367,4192,183
1367,2658,169
1367,3273,174
1367,7228,191
2732,2892,324
2732,7140,364
2732,4024,343
2732,6457,360
2732,4167,334
2732,6838,356
2732,5462,384
2732,2715,343
2732,11044,413
2732,19463,394
2732,4245,343
2732,2910,362
2732,4032,356
2732,5052,399
2732,4408,366
2732,7511,386
2732,11468,394
2732,5379,349
2732,8220,426
2732,7253,368
2732,6878,370
2732,3167,357
2732,3554,349
2732,5520,365
2732,6275,368
2732,8580,371
2732,14690,391
2732,14663,496
2732,8532,376
2732,5157,385
2732,10135,394
2732,10929,389
2732,7937,375
2732,6041,355
2732,3940,386
2732,6437,370
2732,4690,413
2732,4918,363
2732,4024,327
2732,8006,381
2732,8797,394
2732,17032,393
2732,2821,325
2732,4317,333
2732,2704,324
2732,5338,384
2732,6390,353
2732,2817,326
2732,9274,431
2732,5095,367
2732,7130,382
2732,4506,391
2732,17616,396
2732,4140,369
2732,13282,385
2732,17548,433
2732,3126,366
2732,15616,387
2732,16034,433
2732,5723,371
2732,4988,416
2732,6002,363
2732,5072,427
2732,16473,429
2732,7292,381
2732,3269,338
2732,5354,350
2732,5325,331
2732,10632,364
2732,6222,348
2732,6405,359
2732,4507,341
2732,18220,387
2732,3959,391
2732,6205,367
2732,7493,362
2732,6463,389
2732,12277,377
2732,7070,543
2732,7478,392
2732,4203,336
2732,3819,343
2732,5621,363
2732,9420,384
2732,15029,423
2732,4434,353
2732,11974,376
2732,4038,342
2732,7097,349
2732,10251,401
2732,3887,344
2732,4031,343
2732,8651,394
2732,6726,375
2732,5182,343
2732,3896,333
2732,13157,405
2732,7072,399
2732,5079,380
2732,4510,331
5463,21207,828
5463,17477,753
5463,10390,710
5463,20529,874
5463,25594,787
5463,9241,741
5463,24468,822
5463,16962,756
5463,12144,718
5463,9050,765
5463,8964,752
5463,6552,807
5463,13991,812
5463,8222,808
5463,20825,806
5463,12951,1190
5463,21584,1397
5463,15473,724
5463,13911,850
5463,9589,716
5463,25456,804
5463,23714,793
5463,9965,727
5463,34466,768
5463,5649,660
5463,9089,755
5463,37731,753
5463,18423,741
5463,17525,808
5463,14356,783
5463,15372,751
5463,5997,738
5463,15035,749
5463,8430,828
5463,10629,775
5463,13304,770
5463,13248,885
5463,14224,750
5463,9409,795
5463,25123,845
5463,19735,771
5463,13244,803
5463,20866,848
5463,14223,814
5463,7284,747
5463,34757,842
5463,8808,757
5463,11795,819
5463,16646,808
5463,13348,764
5463,15080,947
5463,9033,718
5463,12734,764
5463,38682,769
5463,15175,766
5463,5946,696
5463,10442,794
5463,11610,781
5463,8646,789
5463,31409,874
5463,10395,803
5463,13040,747
5463,23623,850
5463,12669,788
5463,16260,909
5463,9656,788
5463,32608,855
5463,28559,830
5463,6128,793
5463,15798,811
5463,13447,796
5463,8761,771
5463,20604,805
5463,21545,845
5463,8302,716
5463,9586,766
5463,11236,804
5463,12656,778
5463,30205,814
5463,30673,945
5463,33001,849
5463,14631,845
5463,13119,760
5463,8164,720
5463,12861,834
5463,13127,808
5463,30873,877
5463,39457,870
5463,8656,774
5463,15665,790
5463,8418,810
5463,11155,804
5463,9849,804
5463,11908,767
5463,13077,937
5463,6264,736
5463,9027,738
5463,20011,794
5463,10712,799
5463,9523,755
10924,63486,1766
10924,16329,1474
10924,14874,1546
10924,20975,1706
10924,32957,1593
10924,15311,1605
10924,77538,1731
10924,16037,1630
10924,16273,1679
10924,19953,1788
10924,17063,1562
10924,15049,1508
10924,13998,1619
10924,24834,1706
10924,33551,1683
10924,39359,1703
10924,76212,2094
10924,17955,1533
10924,28844,1747
10924,18320,1702
10924,18456,1628
10924,18920,1500
10924,20193,1583
10924,17104,1686
10924,33750,1732
10924,17071,1758
10924,21931,1661
10924,23134,1747
10924,19849,1885
10924,18838,1693
10924,35460,1752
10924,60074,1778
10924,34692,1695
10924,22439,1722
10924,19641,1762
10924,31322,1758
10924,23796,1772
10924,26393,1757
10924,49939,1798
10924,35608,1726
10924,30720,1687
10924,31473,1773
10924,36933,1659
10924,17394,1488
10924,36944,1593
10924,24165,1527
10924,82363,1626
10924,20590,1386
10924,11437,1374
10924,68349,1785
10924,33044,1572
10924,11487,1336
10924,17062,1675
10924,25943,1741
10924,43974,1677
10924,35157,1648
10924,30456,1648
10924,33972,1671
10924,32215,1694
10924,30408,1543
10924,16697,1388
10924,17458,1451
10924,37712,1710
10924,27291,1604
10924,53209,1757
10924,37578,1582
10924,63654,1823
10924,16569,1580
10924,14990,1353
10924,30666,1543
10924,25663,1677
10924,24464,1613
10924,29666,1551
10924,18571,1413
10924,13138,1387
10924,18891,1665
10924,17943,1598
10924,25855,1553
10924,38249,1669
10924,46727,1720
10924,34448,1665
10924,21188,1506
10924,44629,1704
10924,16657,1502
10924,23280,1583
10924,31678,1669
10924,17990,1655
10924,24597,1553
10924,38416,1647
10924,26927,2237
10924,26266,1610
10924,28555,1584
10924,27263,1748
10924,51554,1717
10924,27977,1556
10924,65517,1744
10924,25904,1467
10924,17367,1402
10924,17272,1652
10924,43129,1794
21847,33435,3360
21847,25502,3048
21847,35093,3379
21847,65194,3466
21847,65649,3640
21847,34925,3441
21847,64479,3817
21847,90506,3726
21847,36147,3428
21847,59063,3615
21847,43801,3625
21847,55606,3629
21847,63181,3669
21847,38352,3534
21847,34454,3440
21847,47510,3637
21847,114456,3669
21847,73579,3742
21847,43339,3490
21847,22397,3250
21847,25285,3538
21847,52023,3526
21847,38296,3429
21847,67818,3738
21847,82700,3664
21847,38158,3466
21847,35714,3494
21847,40829,3495
21847,86576,3703
21847,62641,3415
21847,32128,3481
21847,52996,3635
21847,68400,3649
21847,47088,3562
21847,35553,3440
21847,34120,3628
21847,76798,3734
21847,32263,3527
21847,23500,3494
21847,46898,3506
21847,111853,3482
21847,30004,3506
21847,53145,3411
21847,40080,3507
21847,50861,3328
21847,36229,3407
21847,42279,3404
21847,60332,3554
21847,39356,3215
21847,35928,3498
21847,36499,3404
21847,38923,3111
21847,37621,3409
21847,53724,3332
21847,136546,3527
21847,64917,3454
21847,61127,3448
21847,39918,3669
21847,27974,3250
21847,50355,4090
21847,53403,3719
21847,35937,3364
21847,56294,3650
21847,57788,3727
21847,79381,3778
21847,67822,3887
21847,29303,3464
21847,42963,3746
21847,83250,3692
21847,37068,3365
21847,57806,3714
21847,24946,3126
21847,36815,3522
21847,53335,3530
21847,25826,3051
21847,103336,3856
21847,31256,3580
21847,24674,3241
21847,103189,3867
21847,2269379,3693
21847,43623,4082
21847,133254,3755
21847,75934,3798
21847,31884,3646
21847,35444,3288
21847,137519,4043
21847,51503,3778
21847,51422,3614
21847,41215,3567
21847,52999,3696
21847,138628,3583
21847,48174,4139
21847,79020,3844
21847,35285,3564
21847,23833,3742
21847,24568,3330
21847,56822,3818
21847,35795,3522
21847,35830,3546
21847,62217,3889
43692,118275,9141
43692,261735,8701
43692,157988,12015
43692,81745,7941
43692,84364,7753
43692,69983,8005
43692,77481,7836
43692,82262,7582
43692,128526,7949
43692,56726,7548
43692,110789,8401
43692,94306,7804
43692,146360,8358
43692,76248,7805
43692,179807,6911
43692,86863,7179
43692,103652,7131
43692,73091,7422
43692,108548,7138
43692,179969,9007
43692,208731,6660
43692,141781,8332
43692,244873,8443
43692,65650,7341
43692,119492,7189
43692,126223,7590
43692,109555,7528
43692,257277,7272
43692,70015,7301
43692,227877,7754
43692,87814,7990
43692,71533,8226
43692,78281,7686
43692,92226,8025
43692,85948,6896
43692,100705,7974
43692,222946,7584
43692,78207,7525
43692,52103,7476
43692,93488,7283
43692,76190,6919
43692,98318,7661
43692,132053,6982
43692,94508,7496
43692,64931,7201
43692,120992,7331
43692,90035,7256
43692,110354,8637
43692,114182,7285
43692,88901,7680
43692,232565,7772
43692,92343,7489
43692,108964,6866
43692,135060,7610
43692,71193,7330
43692,130506,7569
43692,197208,7221
43692,237623,7732
43692,106954,7753
43692,202760,7943
43692,120427,8182
43692,119111,7431
43692,62785,7707
43692,97062,7982
43692,176887,7722
43692,81224,7309
43692,85208,7933
43692,209864,8000
43692,74332,8018
43692,93048,7314
43692,51050,6977
43692,56764,6946
43692,75440,7331
43692,300154,7025
43692,45806,6994
43692,182964,7648
43692,114727,6653
43692,190705,7144
43692,69296,6930
43692,97600,7212
43692,79316,7106
43692,282455,6996
43692,88503,7168
43692,139704,7206
43692,149235,7572
43692,117061,8529
43692,57091,7461
43692,87690,8021
43692,139692,8126
43692,170254,8368
43692,93698,7908
43692,61781,8150
43692,279909,8563
43692,161422,7408
43692,89200,8286
43692,100869,8298
43692,84371,7532
43692,160007,7678
43692,117591,7461
43692,198633,8859
87383,142637,15670
87383,138083,15845
87383,296905,16131
87383,217927,17260
87383,156557,16227
87383,419747,16249
87383,195830,18224
87383,625997,22015
87383,269394,16503
87383,275445,17121
87383,138425,17045
87383,234686,16513
87383,157967,17188
87383,192969,15295
87383,327519,17645
87383,132230,15528
87383,244225,15447
87383,148689,14885
87383,244168,17381
87383,223872,17066
87383,499677,16915
87383,319225,15993
87383,224420,18227
87383,352478,17777
87383,413535,20512
87383,197265,16979
87383,162236,15595
87383,427706,16685
87383,260227,17104
87383,291295,16238
87383,317447,16558
87383,142922,15712
87383,162207,15844
87383,188090,15215
87383,156844,15035
87383,196182,16690
87383,110169,14918
87383,158152,15021
87383,244416,18105
87383,147455,15970
87383,288966,17425
87383,202022,17098
87383,139190,15558
87383,236726,17085
87383,143128,16653
87383,263315,18058
87383,354248,17168
87383,247893,16795
87383,163574,16533
87383,235216,15336
87383,311132,16292
87383,238884,15648
87383,353869,17528
87383,271161,18870
87383,411101,20077
87383,148252,18348
87383,203777,18049
87383,457786,20127
87383,347894,20147
87383,153455,16486
87383,149410,16425
87383,223384,15550
87383,213621,15792
87383,197918,16118
87383,107895,16454
87383,340913,17171
87383,153985,15478
87383,131091,15517
87383,148425,15014
87383,97001,15658
87383,105405,15448
87383,101119,15647
87383,170662,17333
87383,180110,17951
87383,173643,16365
87383,221628,16173
87383,266845,16707
87383,105022,15617
87383,429864,15005
87383,243708,16396
87383,200484,15266
87383,137489,15125
87383,109581,15740
87383,383970,17179
87383,408613,14820
87383,431161,18499
87383,160062,16256
87383,142767,16271
87383,339341,15404
87383,145123,15697
87383,109455,15077
87383,150741,16879
87383,310089,16342
87383,147871,15145
87383,147573,15500
87383,241315,17264
87383,168103,15620
87383,153307,15942
87383,141253,16163
87383,228516,17010
174764,328702,39574
174764,270905,34110
174764,3012939,43498
174764,310454,42031
174764,653067,40297
174764,322956,39324
174764,298307,35863
174764,412658,30641
174764,691840,39568
174764,351879,37742
174764,373949,40375
174764,320904,34903
174764,1030155,38649
174764,490938,36171
174764,301973,36929
174764,479182,37935
174764,359890,36736
174764,773708,36907
174764,631163,37036
174764,201527,35881
174764,494277,34596
174764,278363,36376
174764,398078,37222
174764,469048,41934
174764,307321,40819
174764,227338,34875
174764,795949,41719
174764,328024,38680
174764,514113,41342
174764,531136,42203
174764,676056,52340
174764,536745,40757
174764,611145,38063
174764,444186,36620
174764,412593,35857
174764,283059,36840
174764,419364,37215
174764,751799,38830
174764,282795,35324
174764,446184,36650
174764,547558,36417
174764,345588,34363
174764,318634,37100
174764,356675,37496
174764,407201,38582
174764,993442,39004
174764,435881,34803
174764,367932,39125
174764,230575,34838
174764,439518,37548
174764,591582,34286
174764,375438,40531
174764,382430,40622
174764,781578,39435
174764,297551,34124
174764,310453,35184
174764,685394,38785
174764,413618,38074
174764,250172,36336
174764,374251,36756
174764,565253,37205
174764,216214,33020
174764,1124809,38269
174764,906608,41445
174764,292737,36427
174764,893157,39548
174764,385065,34665
174764,332937,33157
174764,340961,35328
174764,609005,38020
174764,619249,42486
174764,262235,36758
174764,436071,38522
174764,290028,40244
174764,472593,39854
174764,289521,37799
174764,719187,43269
174764,430401,39512
174764,450377,37771
174764,341745,37932
174764,281616,35198
174764,221809,34799
174764,306553,33894
174764,283740,35060
174764,275051,36528
174764,978678,41071
174764,471469,37156
174764,283528,33706
174764,233488,33396
174764,280970,35462
174764,301797,35847
174764,517411,38849
174764,287735,37575
174764,521516,39006
174764,216147,35494
174764,575868,38946
174764,355139,36412
174764,3489597,40175
174764,426230,41630
174764,683938,44620
349527,533021,75530
349527,1668165,83694
349527,751782,77023
349527,646042,77652
349527,1213758,78788
349527,1681497,85112
349527,853319,77786
349527,391481,81770
349527,570280,83382
349527,808523,86709
349527,580903,82982
349527,551916,79379
349527,971736,82225
349527,473309,76010
349527,958776,79030
349527,909680,80458
349527,789392,78174
349527,592273,77187
349527,1096461,81522
349527,1144091,75432
349527,1702320,91067
349527,1123580,83088
349527,661041,77248
349527,467371,75137
349527,583127,79962
349527,716375,80094
349527,903900,77420
349527,928536,81066
349527,2205535,83947
349527,1562724,80835
349527,612188,87786
349527,1242093,84162
349527,563554,76985
349527,433519,79190
349527,623825,76867
349527,721953,76286
349527,505917,80007
349527,1229022,84433
349527,560839,76819
349527,1080405,82336
349527,586798,86260
349527,799155,84859
349527,1086028,86172
349527,1536212,93925
349527,837377,90638
349527,718441,90542
349527,1015310,89620
349527,1014569,86460
349527,1094397,87682
349527,860389,88735
349527,2249147,84369
349527,980708,87856
349527,591464,80737
349527,528758,72659
349527,446808,75493
349527,550245,79476
349527,613548,79536
349527,599417,76147
349527,1626693,92176
349527,797509,88111
349527,790208,83281
349527,611850,89177
349527,1652049,88535
349527,479263,84114
349527,645295,84643
349527,743075,88817
349527,736587,76859
349527,538295,76220
349527,1876769,85945
349527,712099,73730
349527,546476,76087
349527,584375,81049
349527,4171170,89289
349527,772764,77763
349527,1000252,81309
349527,586027,76446
349527,1413426,81203
349527,919440,81721
349527,783557,76026
349527,826322,77293
349527,679857,87017
349527,2224871,90249
349527,649979,83985
349527,594703,80273
349527,781645,78409
349527,555811,69527
349527,658911,78917
349527,1125711,80947
349527,587495,77253
349527,679368,83631
349527,1194549,88418
349527,798661,80989
349527,1250641,86964
349527,2704473,86590
349527,577549,78527
349527,2197574,89379
349527,714735,77919
349527,757928,77844
349527,1138857,77328
349527,768007,77189
699052,920025,176114
699052,865879,168848
699052,1498334,165343
699052,1227178,171329
699052,2272508,173042
699052,1457289,171071
699052,4192666,176763
699052,1495717,165580
699052,1270247,175921
699052,3475745,183121
699052,1632933,164830
699052,2692862,174217
699052,1142915,168486
699052,1187400,176850
699052,1973410,2377681
699052,2312731,192053
699052,864844,174931
699052,2833272,179891
699052,2211684,178004
699052,1918029,162763
699052,2570997,176426
699052,1199315,167858
699052,1660226,180448
699052,1171259,181744
699052,1925425,171479
699052,2534275,195134
699052,1494717,171613
699052,2377694,176610
699052,1453677,170296
699052,1100748,168968
699052,2009491,173383
699052,1862445,174399
699052,5671102,172153
699052,1255348,172891
699052,2094034,174453
699052,905877,167795
699052,6710093,194245
699052,1394469,167773
699052,1687867,171874
699052,978380,164968
699052,2610994,171654
699052,1199460,170210
699052,1256277,173559
699052,1534830,180242
699052,1360261,169194
699052,2525589,177639
699052,1525461,173847
699052,1212753,167519
699052,1459506,174103
699052,2296760,182027
699052,1224997,191082
699052,1923013,171847
699052,1532597,176799
699052,1812213,185018
699052,984249,176187
699052,1307527,174297
699052,2488965,176495
699052,1407579,174056
699052,1160667,170985
699052,1263488,168990
699052,3431518,175103
699052,1618521,171756
699052,2061159,174613
699052,1339589,167288
699052,1397254,177152
699052,1223178,167820
699052,1960786,166157
699052,1240557,166659
699052,2789750,172956
699052,1005222,170604
699052,2492804,168556
699052,1287908,164398
699052,1124533,181661
699052,1527549,181107
699052,2046799,167052
699052,1445801,169068
699052,1939075,171140
699052,2629149,168024
699052,1225679,162727
699052,1365421,184475
699052,1593447,183807
699052,1288177,163600
699052,2727078,169624
699052,965113,165786
699052,1495501,164491
699052,1282080,176818
699052,1297683,170061
699052,2840898,181558
699052,4292432,195264
699052,2520682,165951
699052,1215768,162245
699052,1888292,170863
699052,2277023,188770
699052,2231277,166445
699052,1279294,163791
699052,1864798,170065
699052,5781014,169676
699052,1300612,183952
699052,1529553,164249
699052,4732830,184578
1398103,3794255,375086
1398103,3108489,353692
1398103,5229497,380347
1398103,3590590,351293
1398103,5866237,373130
1398103,3068273,348457
1398103,3464256,381397
1398103,9102134,354474
1398103,7117124,356879
1398103,5637452,359621
1398103,2499472,358575
1398103,3211301,336325
1398103,10841689,361672
1398103,9303298,392871
1398103,7757182,366653
1398103,2352290,345715
1398103,2747011,344464
1398103,2666868,349118
1398103,4778510,348614
1398103,1921568,343362
1398103,4520875,340487
1398103,2201676,335950
1398103,5863450,362312
1398103,2997161,344572
1398103,3877235,367800
1398103,3971434,359417
1398103,3113339,377588
1398103,3817725,338362
1398103,8213634,3018176
1398103,3502941,346074
1398103,4736832,389150
1398103,1795130,331994
1398103,3897533,403291
1398103,7133588,376064
1398103,9671309,408614
1398103,4394509,361488
1398103,5040252,354417
1398103,3063869,345977
1398103,2570738,354289
1398103,7829178,381172
1398103,6683555,356193
1398103,8463487,373778
1398103,4232325,353520
1398103,3406986,353044
1398103,2737733,351955
1398103,8223622,372166
1398103,3171617,360825
1398103,1654997,352910
1398103,5363674,355831
1398103,2583358,342272
1398103,3851590,352602
1398103,1798483,345030
1398103,4604631,354298
1398103,2470253,348968
1398103,2276942,347760
1398103,4344757,356972
1398103,1758733,340263
1398103,3941685,353107
1398103,1645733,336128
1398103,11417524,382772
1398103,1720654,335835
1398103,7264565,376605
1398103,3909592,344457
1398103,5390022,361129
1398103,2779464,346535
1398103,4338722,356058
1398103,2374719,348451
1398103,1826156,346702
1398103,2646549,339678
1398103,2569781,339091
1398103,6641038,353941
1398103,4768330,360167
1398103,5047771,352324
1398103,5253210,361678
1398103,3452620,341844
1398103,2248892,361779
1398103,4056060,344291
1398103,2449414,341628
1398103,2935631,353125
1398103,3191263,340093
1398103,4577253,380364
1398103,2797572,339015
1398103,1731530,351046
1398103,9320903,374305
1398103,6096370,382039
1398103,3965212,346090
1398103,3439462,382577
1398103,2384799,338198
1398103,3856717,351422
1398103,2281850,343814
1398103,2369474,344401
1398103,3369244,364171
1398103,2317025,342722
1398103,8078766,361270
1398103,3165750,348534
1398103,1594577,328138
1398103,2937476,342620
1398103,6890079,387571
1398103,1972842,406049
1398103,3826267,438546
2796204,17755710,832310
2796204,5962876,708310
2796204,9835700,738682
2796204,6261535,730599
2796204,7713896,724324
2796204,6276768,755045
2796204,5976624,753562
2796204,7945760,726124
2796204,4907047,723232
2796204,15985015,760774
2796204,8598156,708532
2796204,9073337,775265
2796204,8037467,727509
2796204,9442475,784540
2796204,5456822,767588
2796204,3581223,691103
2796204,6646708,765457
2796204,5870048,707416
2796204,13946108,786386
2796204,8470980,713573
2796204,5703439,718441
2796204,5100072,717954
2796204,6508980,706549
2796204,7110771,758106
2796204,5506835,763385
2796204,12768863,789214
2796204,11196944,800882
2796204,7801580,764744
2796204,10644899,747635
2796204,9247077,730125
2796204,3758069,707489
2796204,5024424,706660
2796204,4956236,712098
2796204,6884022,729058
2796204,7684004,750752
2796204,5282234,707790
2796204,7162670,751969
2796204,5787716,743661
2796204,12367351,726041
2796204,8504027,759292
2796204,4322302,717815
2796204,3574369,711534
2796204,4920581,708119
2796204,10111733,743539
2796204,4303773,721323
2796204,5720144,755352
2796204,6901726,723559
2796204,13321202,817167
2796204,11588346,701398
2796204,11083887,733239
2796204,10869291,817808
2796204,15825552,764210
2796204,3315489,718981
2796204,15195610,755381
2796204,7837130,704640
2796204,12485267,761297
2796204,4404392,731514
2796204,8327976,3448560
2796204,6691406,3275868
2796204,12612603,730589
2796204,9219706,732202
2796204,19935594,737265
2796204,3087530,680781
2796204,11824023,863271
2796204,10538650,798163
2796204,8249318,761742
2796204,6273225,740871
2796204,8045080,789598
2796204,11204729,759873
2796204,6658734,756805
2796204,6277174,706933
2796204,8450239,790505
2796204,6891619,713253
2796204,7774707,703317
2796204,8133919,820225
2796204,8625160,751877
2796204,5540614,729714
2796204,9292569,797594
2796204,8259403,737989
2796204,5657184,749125
2796204,7365254,722750
2796204,3784711,696234
2796204,6339754,722329
2796204,7979547,3029233
2796204,5797844,3261155
2796204,17657418,734825
2796204,13748322,816382
2796204,5197622,743511
2796204,3263814,695051
2796204,6299294,725950
2796204,13305660,798088
2796204,7020671,750388
2796204,20697819,786219
2796204,4929738,751266
2796204,5750818,747012
2796204,6414705,761814
2796204,6310747,722829
2796204,6906089,734976
2796204,4497762,737013
2796204,7534083,731620
5592407,36662228,1543372
5592407,11618483,1623623
5592407,11156786,1620214
5592407,12282167,1614805
5592407,12665449,1661586
5592407,15514225,1583483
5592407,19121622,1669215
5592407,14826422,1460194
5592407,13028589,1704784
5592407,32962367,1557488
5592407,8895652,1443229
5592407,8029908,1496612
5592407,10828592,1483025
5592407,16003587,1459276
5592407,10867175,1432036
5592407,17208899,3331459
5592407,14462047,1493076
5592407,34183137,1641684
5592407,20600507,1445054
5592407,12297839,1431718
5592407,15121659,1459158
5592407,8767826,1434534
5592407,9840717,1552718
5592407,34605860,1626749
5592407,21659575,1460091
5592407,8404565,1435965
5592407,15775905,1452806
5592407,10683194,1463679
5592407,28649120,1557661
5592407,8783067,1427296
5592407,10303813,1434642
5592407,13427830,1491469
5592407,13960516,1558057
5592407,10135644,1468295
5592407,12870948,1480267
5592407,20378740,1489599
5592407,12935183,1422847
5592407,13196943,1419956
5592407,18483546,1426852
5592407,19544723,1452264
5592407,16029409,1574110
5592407,17561086,1408207
5592407,13454045,1414827
5592407,20182310,1418480
5592407,13923594,1507009
5592407,11574352,1486731
5592407,20498829,1596417
5592407,20246851,1462839
5592407,36341189,1532490
5592407,17363176,1449295
5592407,9280795,1443070
5592407,12507555,1450085
5592407,8960761,1428787
5592407,12452110,1556502
5592407,15159804,1459475
5592407,13326817,1463407
5592407,14794566,1556298
5592407,13891281,1492080
5592407,15261100,1455970
5592407,7851105,1426984
5592407,13158103,1512087
5592407,38081218,1557895
5592407,12595660,1414887
5592407,11655089,1428736
5592407,19736513,1439189
5592407,14258979,1478161
5592407,9207471,1426275
5592407,10105525,1444116
5592407,11400240,1569890
5592407,32268508,1515863
5592407,7927334,1451287
5592407,23189901,1501857
5592407,6413148,1426691
5592407,9262805,1417506
5592407,12760978,3748741
5592407,24083110,1486533
5592407,8926980,1429074
5592407,6667974,1418548
5592407,10106466,1439645
5592407,7253690,1424107
5592407,34582611,1565351
5592407,13079240,1432114
5592407,30172157,4076826
5592407,17038926,1441518
5592407,35774695,1613369
5592407,20397584,1501112
5592407,32126512,1551351
5592407,16729911,1468696
5592407,20129759,1457271
5592407,11221252,1442040
5592407,34445614,1555156
5592407,13747295,1439984
5592407,14381933,1448746
5592407,10046823,1432858
5592407,11825858,1516001
5592407,11922541,1436273
5592407,11461601,1439294
5592407,9311230,1485713
5592407,8401162,1482109
5592407,19858666,1510961
11184812,17698146,3170609
11184812,55965287,3345566
11184812,62502866,3335868
11184812,32755897,3093255
11184812,35790634,3386671
11184812,31682202,3218223
11184812,23772055,5594333
11184812,22061824,3233935
11184812,45778538,5299757
11184812,21331811,3028774
11184812,32979145,2998355
11184812,22508124,3001724
11184812,27501030,2964101
11184812,16887906,2972021
11184812,49345258,6228523
11184812,35260593,3269998
11184812,24728154,3019078
11184812,25594788,3010921
11184812,48752199,3350185
11184812,36794385,3303615
11184812,19283638,3152723
11184812,37891088,3198479
11184812,24724301,3065108
11184812,33255683,3133521
11184812,42817330,3176744
11184812,20223738,3053578
11184812,54855921,3206957
11184812,35028539,6000947
11184812,39466271,3098821
11184812,16799932,3011522
11184812,24999430,2975344
11184812,81619640,3363687
11184812,40725380,3152935
11184812,68369998,3229751
11184812,19611501,2936918
11184812,20651947,2918818
11184812,20817523,3024863
11184812,43096144,3613911
11184812,18155567,5433059
11184812,27453037,3547422
11184812,36151741,3459227
11184812,24767100,3462067
11184812,49460261,3452163
11184812,37699183,5239845
11184812,29657975,3078293
11184812,38030070,3082466
11184812,25541428,5302934
11184812,27918853,3427094
11184812,41020493,6078402
11184812,65037131,3451141
11184812,39130176,4074619
11184812,62265106,3417788
11184812,32120215,3770218
11184812,32520113,3142760
11184812,24199660,3194790
11184812,22870989,3361058
11184812,33895082,3035891
11184812,22682285,5669444
11184812,24423251,3294697
11184812,47498472,3444608
11184812,59784256,3557391
11184812,36419944,3222239
11184812,53717944,3392008
11184812,46460903,3305510
11184812,13994173,5988291
11184812,45036669,3419503
11184812,33943801,3306227
11184812,23184538,3191943
11184812,55424537,3406186
11184812,55433509,3287454
11184812,29955303,6068364
11184812,42540301,3419641
11184812,49611538,3343432
11184812,60716682,3215293
11184812,16009517,3747774
11184812,57736157,3347401
11184812,21739287,3290691
11184812,40832711,3368640
11184812,18908857,3133343
11184812,25186114,3106739
11184812,24634215,6070342
11184812,28127920,3092354
11184812,28498010,3071523
11184812,30975328,3282194
11184812,84058227,3423945
11184812,16588945,3174881
11184812,18632142,3136444
11184812,20791143,6205852
11184812,37224417,3420630
11184812,20648161,3326038
11184812,26482763,3231746
11184812,21941812,3226511
11184812,34643578,3260964
11184812,47249303,3346580
11184812,35779496,3120363
11184812,16906056,3035695
11184812,15175262,3123016
11184812,33395510,3389187
11184812,21573943,3155808
11184812,32323379,3188349
