n,Chaining-query,Perfect-query,Redblack-query
7,0,1,1
7,0,1,0
7,0,1,0
7,0,1,0
7,0,1,0
7,0,1,0
7,0,1,0
7,0,1,0
7,0,1,0
7,0,1,0
7,0,1,0
7,0,1,0
7,0,1,0
7,0,1,0
7,0,1,0
7,0,1,0
7,0,1,0
7,0,1,0
7,0,1,0
7,0,1,0
7,0,1,0
7,0,1,0
7,0,1,0
7,0,1,0
7,0,1,1
7,0,1,0
7,0,1,0
7,0,1,0
7,0,1,0
7,0,1,0
7,0,1,0
7,0,1,0
7,0,1,0
7,0,2,0
7,0,1,0
7,0,1,0
7,0,1,0
7,0,1,0
7,0,1,0
7,0,1,0
7,0,1,0
7,0,1,0
7,0,0,0
7,0,1,0
7,0,1,0
7,0,1,0
7,0,1,0
7,0,1,0
7,0,2,0
7,0,1,1
7,0,1,0
7,0,1,0
7,0,1,0
7,0,2,1
7,0,1,0
7,0,1,1
7,0,1,0
7,0,2,1
7,0,1,0
7,0,1,0
7,0,1,0
7,0,1,0
7,0,1,0
7,0,1,0
7,0,1,0
7,0,1,0
7,0,1,0
7,0,1,0
7,0,1,0
7,0,1,0
7,0,1,0
7,0,1,0
7,0,1,0
7,0,1,0
7,0,1,0
7,0,1,0
7,0,1,0
7,0,1,0
7,0,1,0
7,0,2,1
7,0,1,1
7,0,1,1
7,0,1,1
7,0,1,0
7,0,1,0
7,0,1,0
7,0,1,0
7,0,1,0
7,0,1,0
7,0,1,0
7,0,1,0
7,0,1,0
7,0,1,0
7,0,1,0
7,0,1,0
7,0,1,0
7,0,1,0
7,0,1,0
7,0,0,0
7,0,1,0
12,0,1,1
12,0,1,1
12,0,1,1
12,0,1,1
12,0,1,1
12,0,1,1
12,0,1,1
12,0,1,1
12,0,1,1
12,0,1,1
12,0,1,1
12,0,1,1
12,0,1,1
12,0,1,1
12,0,1,1
12,0,1,1
12,0,1,1
12,0,1,1
12,0,1,1
12,0,1,1
12,0,1,2
12,0,1,1
12,0,1,1
12,0,1,1
12,0,1,1
12,0,1,1
12,0,1,1
12,0,1,1
12,0,1,1
12,0,1,1
12,0,1,1
12,0,1,1
12,0,1,1
12,0,1,1
12,0,1,1
12,0,2,2
12,0,1,1
12,0,1,1
12,0,1,1
12,0,1,1
12,0,1,1
12,0,1,1
12,0,1,1
12,0,1,1
12,0,1,1
12,0,1,1
12,0,1,1
12,0,1,1
12,0,1,1
12,0,1,1
12,0,1,1
12,0,1,1
12,0,1,1
12,0,1,1
12,0,1,1
12,0,1,1
12,0,1,1
12,0,1,1
12,0,1,1
12,0,1,1
12,0,1,1
12,0,1,1
12,0,1,1
12,0,1,1
12,0,1,1
12,0,1,1
12,0,1,1
12,0,1,1
12,0,1,1
12,0,1,1
12,0,1,1
12,0,1,1
12,0,1,1
12,0,1,1
12,0,1,1
12,0,1,1
12,0,1,1
12,0,1,1
12,0,1,1
12,0,1,1
12,0,1,1
12,0,2,1
12,1,3,1
12,0,1,1
12,0,1,1
12,0,1,1
12,0,1,1
12,0,1,1
12,0,1,1
12,0,1,1
12,0,1,1
12,0,1,1
12,0,1,1
12,0,1,1
12,0,1,1
12,0,1,1
12,0,1,1
12,0,1,1
12,0,1,1
12,0,1,1
23,0,3,3
23,0,3,3
23,0,2,3
23,0,3,3
23,0,3,3
23,1,3,3
23,0,3,3
23,0,3,3
23,0,3,3
23,0,3,3
23,0,3,3
23,0,3,3
23,1,3,3
23,0,3,3
23,0,3,3
23,1,3,3
23,0,3,3
23,0,3,3
23,0,3,3
23,0,3,3
23,0,3,3
23,0,3,3
23,1,3,3
23,0,3,3
23,0,3,3
23,1,3,3
23,1,5,3
23,0,3,3
23,0,3,3
23,1,3,3
23,0,3,3
23,0,3,3
23,1,3,3
23,0,3,3
23,0,3,3
23,0,3,3
23,0,3,3
23,0,3,3
23,0,3,3
23,0,3,3
23,0,3,3
23,0,3,3
23,0,3,3
23,0,3,3
23,0,3,3
23,0,3,3
23,0,3,3
23,0,3,3
23,1,3,3
23,0,3,3
23,0,3,3
23,0,3,3
23,1,3,3
23,1,3,3
23,1,3,3
23,0,3,3
23,0,3,3
23,0,3,3
23,1,3,3
23,0,3,3
23,1,3,3
23,0,3,3
23,0,3,3
23,1,3,3
23,1,3,3
23,0,3,3
23,0,3,3
23,1,3,3
23,0,3,3
23,0,3,3
23,0,3,3
23,1,3,3
23,0,3,3
23,1,3,3
23,0,3,3
23,0,3,3
23,0,3,3
23,0,3,3
23,1,3,3
23,0,3,3
23,0,3,3
23,0,3,3
23,0,3,3
23,0,3,3
23,0,3,3
23,1,3,3
23,0,3,3
23,0,3,3
23,0,3,3
23,0,3,3
23,0,3,3
23,0,3,3
23,0,3,3
23,1,3,3
23,0,3,3
23,0,18,3
23,1,3,3
23,1,3,17
23,0,3,3
23,0,18,3
44,2,5,18
44,2,18,6
44,2,5,6
44,2,5,6
44,2,5,6
44,2,6,6
44,2,5,6
44,2,5,6
44,2,5,7
44,2,5,6
44,2,5,6
44,2,5,6
44,2,5,6
44,2,5,7
44,2,5,6
44,2,5,6
44,2,5,6
44,2,5,6
44,2,5,6
44,2,5,6
44,2,5,6
44,2,6,6
44,2,5,6
44,2,5,6
44,2,5,6
44,2,5,6
44,2,5,6
44,2,6,6
44,2,6,6
44,2,5,6
44,2,5,6
44,2,5,6
44,2,5,6
44,2,5,6
44,2,7,6
44,2,6,6
44,2,5,6
44,2,5,6
44,2,5,6
44,2,5,6
44,2,5,6
44,2,5,6
44,2,5,6
44,2,5,7
44,2,6,18
44,2,5,6
44,2,6,6
44,2,5,10
44,2,80,6
44,2,6,8
44,2,5,6
44,2,5,6
44,2,5,7
44,2,5,9
44,2,5,36
44,2,5,6
44,2,5,6
44,2,5,7
44,2,18,7
44,2,5,6
44,2,5,7
44,2,5,32
44,2,5,6
44,2,5,6
44,2,43,19
44,2,5,6
44,2,5,6
44,2,5,18
44,2,5,7
44,2,5,7
44,2,6,6
44,2,22,78
44,2,5,6
44,2,5,6
44,2,5,6
44,2,5,6
44,2,5,6
44,2,5,6
44,2,6,7
44,2,5,6
44,2,6,6
44,2,5,6
44,2,5,7
44,2,6,6
44,2,6,7
44,2,5,6
44,2,5,6
44,2,5,6
44,2,5,6
44,2,5,8
44,2,9,8
44,2,10,6
44,2,19,6
44,2,5,6
44,2,5,6
44,2,5,6
44,2,5,6
44,2,6,6
44,2,6,6
44,2,5,8
87,3,10,60
87,3,11,14
87,3,11,14
87,3,11,14
87,3,10,14
87,5,13,15
87,3,11,14
87,3,11,14
87,3,10,14
87,3,11,14
87,3,10,14
87,3,10,14
87,3,10,14
87,3,11,14
87,3,11,14
87,3,12,14
87,3,10,14
87,3,11,16
87,3,11,14
87,3,10,14
87,4,17,19
87,4,17,23
87,3,10,17
87,3,11,16
87,3,10,14
87,3,11,14
87,4,11,21
87,3,11,14
87,3,11,14
87,3,11,14
87,3,11,14
87,3,10,14
87,3,10,14
87,3,10,14
87,3,11,14
87,3,14,14
87,3,11,14
87,3,10,14
87,13,11,14
87,3,10,14
87,3,11,14
87,3,10,14
87,4,10,14
87,3,11,14
87,4,11,14
87,3,10,14
87,3,10,19
87,3,10,14
87,5,19,23
87,3,11,14
87,3,20,14
87,3,11,14
87,3,11,21
87,4,14,36
87,3,15,15
87,3,11,15
87,6,11,19
87,3,11,14
87,3,11,14
87,4,13,17
87,3,11,14
87,3,11,15
87,5,21,18
87,5,23,24
87,5,19,19
87,6,19,23
87,3,11,14
87,3,11,14
87,3,11,14
87,3,11,14
87,3,11,14
87,3,11,14
87,3,11,14
87,3,10,14
87,5,11,14
87,3,11,14
87,3,23,26
87,3,10,26
87,3,13,15
87,3,10,14
87,3,11,14
87,3,11,14
87,3,11,17
87,3,10,14
87,3,11,14
87,3,11,14
87,3,12,16
87,3,11,14
87,3,10,14
87,3,11,14
87,3,11,14
87,3,11,14
87,3,13,14
87,3,10,14
87,3,11,25
87,3,12,14
87,3,11,14
87,3,10,14
87,5,14,18
87,3,10,14
172,7,32,31
172,7,21,33
172,9,21,31
172,7,22,31
172,7,20,31
172,7,37,31
172,7,21,31
172,7,20,31
172,8,23,31
172,8,21,31
172,7,20,31
172,7,32,31
172,10,22,39
172,7,21,31
172,7,21,31
172,7,21,31
172,7,20,32
172,7,21,37
172,13,44,40
172,7,20,43
172,9,40,37
172,8,21,34
172,7,22,31
172,10,21,41
172,7,20,43
172,16,48,31
172,7,21,38
172,7,23,31
172,8,21,39
172,7,21,31
172,8,23,31
172,8,22,31
172,8,21,31
172,8,21,31
172,7,21,31
172,7,20,31
172,8,21,31
172,8,22,31
172,7,21,31
172,7,21,31
172,9,25,33
172,8,21,31
172,7,20,31
172,7,23,170
172,7,21,31
172,8,20,31
172,7,21,31
172,7,20,31
172,8,21,31
172,7,57,31
172,8,22,31
172,19,31,42
172,8,21,31
172,7,28,42
172,7,22,175
172,7,21,43
172,7,21,31
172,7,20,31
172,7,23,30
172,7,21,31
172,7,21,31
172,7,64,31
172,8,21,31
172,7,21,31
172,8,21,31
172,9,21,37
172,9,30,31
172,7,21,31
172,7,22,36
172,7,21,31
172,7,33,31
172,9,25,34
172,7,20,31
172,7,22,67
172,8,22,41
172,7,21,31
172,7,21,31
172,7,21,42
172,8,21,40
172,7,21,31
172,7,21,31
172,7,22,31
172,7,20,31
172,19,22,31
172,8,21,31
172,7,22,31
172,8,22,43
172,7,22,44
172,8,20,31
172,7,22,31
172,8,22,31
172,8,20,31
172,8,20,31
172,7,20,31
172,7,21,31
172,7,21,31
172,7,21,36
172,7,20,31
172,8,21,31
172,8,20,31
343,24,41,67
343,23,40,67
343,12,42,68
343,12,41,67
343,12,43,68
343,12,43,68
343,12,44,67
343,12,42,67
343,12,41,67
343,15,44,76
343,12,48,68
343,12,41,68
343,12,42,68
343,12,40,68
343,12,42,78
343,12,41,67
343,12,41,67
343,12,43,67
343,12,53,67
343,12,43,68
343,12,49,67
343,12,41,67
343,12,42,79
343,12,47,68
343,12,46,68
343,12,45,80
343,17,41,67
343,12,45,67
343,12,44,68
343,12,41,68
343,12,41,67
343,12,42,68
343,12,42,79
343,12,42,88
343,12,40,68
343,12,41,68
343,12,41,68
343,12,46,67
343,12,40,68
343,12,42,68
343,12,44,79
343,12,42,68
343,12,42,68
343,12,42,68
343,12,41,68
343,12,46,67
343,12,55,70
343,12,41,68
343,12,41,68
343,12,45,68
343,12,42,68
343,12,43,69
343,12,41,67
343,12,40,67
343,12,42,67
343,12,45,67
343,12,41,67
343,12,43,79
343,12,40,67
343,12,41,67
343,12,43,68
343,12,40,67
343,12,42,68
343,12,44,67
343,12,45,68
343,12,41,67
343,12,41,68
343,12,41,67
343,12,47,68
343,12,41,67
343,12,42,67
343,12,43,68
343,12,42,67
343,12,40,68
343,12,45,69
343,12,45,67
343,12,41,67
343,12,40,68
343,12,41,68
343,12,42,67
343,12,42,67
343,12,44,67
343,12,40,67
343,12,42,67
343,12,41,67
343,12,41,67
343,12,42,68
343,12,58,68
343,12,43,78
343,12,43,68
343,12,42,68
343,12,40,68
343,12,40,67
343,12,62,67
343,12,42,68
343,12,44,82
343,12,42,67
343,12,44,68
343,12,42,68
343,12,41,68
684,31,82,184
684,43,86,146
684,43,81,147
684,46,99,182
684,45,91,145
684,31,101,150
684,30,102,161
684,45,89,157
684,30,85,145
684,30,85,180
684,30,83,146
684,31,83,147
684,30,82,146
684,41,81,146
684,30,92,146
684,30,94,145
684,30,82,153
684,31,90,146
684,30,90,147
684,30,86,147
684,30,96,162
684,30,88,146
684,30,81,146
684,30,82,146
684,44,81,145
684,30,81,145
684,31,85,148
684,30,82,169
684,31,88,156
684,30,83,145
684,31,95,160
684,30,81,145
684,30,81,145
684,30,84,166
684,30,83,147
684,30,84,145
684,43,81,146
684,30,92,160
684,31,91,144
684,31,84,145
684,30,96,146
684,30,92,145
684,31,85,145
684,30,82,157
684,31,79,146
684,30,90,145
684,30,83,146
684,31,81,148
684,30,81,146
684,31,81,155
684,30,86,146
684,31,88,145
684,30,83,156
684,30,81,159
684,31,87,148
684,30,90,146
684,31,84,145
684,31,87,146
684,30,87,147
684,31,82,147
684,31,108,157
684,30,90,155
684,31,88,146
684,31,84,146
684,31,85,146
684,30,83,145
684,30,83,146
684,30,84,146
684,30,83,195
684,36,81,183
684,30,90,147
684,40,82,144
684,31,87,146
684,30,88,145
684,30,81,186
684,30,83,146
684,31,112,147
684,30,82,146
684,30,81,145
684,31,86,146
684,30,89,145
684,41,82,149
684,31,88,146
684,30,89,145
684,31,134,146
684,30,87,145
684,30,84,146
684,30,83,145
684,31,100,165
684,30,88,146
684,31,84,146
684,31,86,148
684,30,104,145
684,31,85,158
684,31,83,145
684,30,80,157
684,30,92,146
684,31,82,174
684,30,82,146
684,31,81,148
1367,49,176,316
1367,49,185,324
1367,49,184,314
1367,49,182,426
1367,49,171,324
1367,49,173,331
1367,49,166,326
1367,50,207,343
1367,49,164,312
1367,49,193,314
1367,59,173,330
1367,49,174,322
1367,49,171,315
1367,49,181,316
1367,49,183,324
1367,49,181,315
1367,49,207,314
1367,50,176,325
1367,49,191,311
1367,49,188,311
1367,87,215,413
1367,49,228,325
1367,49,174,326
1367,49,167,318
1367,49,175,316
1367,50,187,352
1367,49,180,321
1367,49,176,315
1367,49,165,320
1367,49,181,316
1367,49,174,335
1367,49,169,330
1367,49,165,336
1367,49,178,339
1367,49,174,328
1367,49,180,312
1367,57,201,313
1367,49,206,326
1367,49,174,332
1367,50,183,319
1367,49,162,333
1367,53,167,317
1367,49,183,326
1367,50,192,332
1367,58,182,325
1367,49,182,327
1367,49,196,315
1367,60,174,315
1367,49,176,323
1367,49,173,315
1367,49,172,314
1367,49,163,321
1367,49,193,317
1367,49,174,314
1367,49,165,330
1367,50,183,322
1367,50,185,318
1367,61,200,314
1367,49,168,319
1367,50,169,320
1367,49,168,323
1367,49,172,314
1367,50,167,320
1367,49,178,342
1367,49,185,322
1367,50,171,330
1367,49,182,326
1367,49,177,313
1367,49,163,330
1367,50,182,332
1367,50,188,316
1367,49,172,315
1367,68,164,334
1367,49,169,315
1367,84,297,375
1367,49,168,315
1367,49,168,344
1367,51,169,317
1367,49,166,337
1367,50,185,315
1367,49,161,314
1367,49,170,318
1367,49,188,330
1367,61,201,323
1367,49,199,334
1367,49,190,317
1367,50,180,317
1367,49,185,316
1367,60,173,320
1367,49,171,316
1367,53,178,318
1367,50,176,316
1367,49,161,315
1367,49,174,316
1367,49,176,314
1367,49,171,326
1367,49,183,324
1367,49,169,314
1367,49,174,315
1367,49,191,315
2732,124,324,682
2732,135,364,693
2732,125,343,691
2732,130,360,704
2732,125,334,676
2732,125,356,680
2732,126,384,729
2732,127,343,687
2732,126,413,692
2732,125,394,696
2732,127,343,676
2732,125,362,696
2732,124,356,672
2732,155,399,729
2732,127,366,676
2732,125,386,711
2732,139,394,708
2732,129,349,752
2732,126,426,719
2732,126,368,696
2732,126,370,701
2732,124,357,688
2732,125,349,685
2732,129,365,676
2732,124,368,699
2732,127,371,770
2732,130,391,727
2732,172,496,678
2732,124,376,735
2732,125,385,691
2732,125,394,684
2732,140,389,681
2732,125,375,675
2732,127,355,689
2732,128,386,684
2732,126,370,702
2732,125,413,687
2732,125,363,695
2732,144,327,727
2732,172,381,696
2732,125,394,686
2732,125,393,680
2732,125,325,707
2732,126,333,708
2732,141,324,694
2732,126,384,710
2732,140,353,679
2732,124,326,683
2732,127,431,705
2732,124,367,718
2732,125,382,681
2732,143,391,681
2732,125,396,747
2732,127,369,684
2732,138,385,693
2732,140,433,703
2732,134,366,768
2732,125,387,733
2732,154,433,725
2732,140,371,707
2732,136,416,690
2732,135,363,687
2732,132,427,727
2732,124,429,711
2732,128,381,700
2732,124,338,691
2732,126,350,689
2732,124,331,695
2732,125,364,709
2732,123,348,768
2732,124,359,676
2732,124,341,692
2732,125,387,720
2732,125,391,716
2732,127,367,689
2732,125,362,708
2732,126,389,699
2732,125,377,716
2732,189,543,693
2732,128,392,684
2732,138,336,678
2732,126,343,691
2732,125,363,706
2732,124,384,703
2732,125,423,688
2732,124,353,719
2732,127,376,703
2732,128,342,679
2732,128,349,682
2732,125,401,687
2732,125,344,695
2732,129,343,689
2732,126,394,677
2732,127,375,708
2732,125,343,693
2732,124,333,690
2732,127,405,691
2732,126,399,694
2732,127,380,707
2732,124,331,708
5463,205,828,1541
5463,205,753,1555
5463,206,710,1474
5463,218,874,1547
5463,201,787,1471
5463,218,741,1449
5463,207,822,1494
5463,202,756,1615
5463,203,718,1628
5463,215,765,1557
5463,205,752,1488
5463,217,807,1495
5463,205,812,1487
5463,206,808,1533
5463,221,806,1647
5463,212,1190,1499
5463,307,1397,1830
5463,243,724,1457
5463,217,850,1681
5463,219,716,1580
5463,206,804,1511
5463,234,793,1465
5463,205,727,1528
5463,237,768,1445
5463,218,660,1496
5463,220,755,1545
5463,218,753,1490
5463,201,741,1761
5463,200,808,1612
5463,204,783,1502
5463,225,751,1514
5463,215,738,1507
5463,217,749,1564
5463,248,828,1653
5463,229,775,1450
5463,200,770,1572
5463,201,885,1518
5463,204,750,1606
5463,205,795,1641
5463,220,845,1513
5463,213,771,1512
5463,228,803,1490
5463,207,848,1490
5463,219,814,1493
5463,206,747,1553
5463,220,842,1460
5463,208,757,1508
5463,213,819,1500
5463,212,808,1480
5463,207,764,1510
5463,212,947,1523
5463,208,718,1512
5463,210,764,1704
5463,207,769,1495
5463,209,766,1486
5463,208,696,1519
5463,220,794,1519
5463,209,781,1493
5463,219,789,1558
5463,227,874,1612
5463,213,803,1503
5463,221,747,1561
5463,219,850,1481
5463,205,788,1815
5463,211,909,1606
5463,203,788,1558
5463,207,855,1507
5463,206,830,1470
5463,210,793,1495
5463,208,811,1514
5463,211,796,1477
5463,204,771,1473
5463,206,805,1535
5463,207,845,1585
5463,221,716,1489
5463,224,766,1465
5463,205,804,1500
5463,211,778,1480
5463,205,814,1567
5463,207,945,1513
5463,207,849,1493
5463,211,845,1582
5463,212,760,1535
5463,207,720,1548
5463,208,834,1492
5463,221,808,1526
5463,205,877,1476
5463,204,870,1475
5463,204,774,1486
5463,207,790,1487
5463,221,810,1544
5463,207,804,1508
5463,221,804,1531
5463,226,767,1501
5463,207,937,1651
5463,204,736,1533
5463,206,738,1485
5463,208,794,1477
5463,208,799,1520
5463,205,755,1479
10924,575,1766,3293
10924,588,1474,3306
10924,556,1546,3275
10924,575,1706,3200
10924,605,1593,3695
10924,605,1605,3269
10924,555,1731,3291
10924,557,1630,3561
10924,591,1679,3238
10924,576,1788,3286
10924,564,1562,3300
10924,585,1508,3356
10924,571,1619,3319
10924,552,1706,3314
10924,559,1683,3254
10924,552,1703,3308
10924,624,2094,3703
10924,563,1533,3696
10924,624,1747,3225
10924,602,1702,3273
10924,648,1628,3305
10924,552,1500,3323
10924,570,1583,3290
10924,554,1686,3309
10924,550,1732,3318
10924,570,1758,3286
10924,585,1661,3266
10924,596,1747,3634
10924,905,1885,3482
10924,603,1693,3403
10924,554,1752,3258
10924,595,1778,3255
10924,569,1695,3259
10924,570,1722,3262
10924,554,1762,3383
10924,551,1758,3337
10924,551,1772,3354
10924,583,1757,3447
10924,570,1798,3268
10924,577,1726,3243
10924,559,1687,3315
10924,612,1773,3216
10924,551,1659,3385
10924,574,1488,3346
10924,552,1593,3187
10924,551,1527,3424
10924,549,1626,3298
10924,550,1386,3362
10924,554,1374,3286
10924,574,1785,3333
10924,756,1572,3725
10924,616,1336,3348
10924,557,1675,3282
10924,552,1741,3250
10924,551,1677,3221
10924,591,1648,3241
10924,537,1648,3500
10924,550,1671,3441
10924,538,1694,3242
10924,555,1543,3450
10924,546,1388,3257
10924,609,1451,3478
10924,563,1710,3353
10924,729,1604,3224
10924,537,1757,3254
10924,545,1582,3448
10924,770,1823,3908
10924,571,1580,3218
10924,548,1353,3191
10924,546,1543,3368
10924,568,1677,3357
10924,571,1613,3230
10924,586,1551,3301
10924,877,1413,3374
10924,566,1387,3317
10924,550,1665,3277
10924,549,1598,3261
10924,637,1553,3463
10924,562,1669,3353
10924,569,1720,3380
10924,652,1665,3346
10924,538,1506,3287
10924,536,1704,3279
10924,604,1502,3233
10924,742,1583,3576
10924,636,1669,3420
10924,544,1655,3314
10924,548,1553,3186
10924,546,1647,3278
10924,665,2237,3308
10924,538,1610,3409
10924,550,1584,3255
10924,648,1748,3551
10924,537,1717,3267
10924,542,1556,3249
10924,558,1744,3480
10924,655,1467,3491
10924,565,1402,3309
10924,533,1652,3159
10924,645,1794,3567
21847,1163,3360,7157
21847,921,3048,7212
21847,983,3379,7238
21847,978,3466,7292
21847,967,3640,7512
21847,953,3441,7346
21847,1073,3817,7386
21847,960,3726,7339
21847,928,3428,7764
21847,1259,3615,7781
21847,968,3625,7048
21847,983,3629,7185
21847,1008,3669,7453
21847,1034,3534,7610
21847,969,3440,7356
21847,935,3637,7382
21847,989,3669,7117
21847,986,3742,7191
21847,1249,3490,7205
21847,950,3250,7706
21847,1115,3538,7130
21847,974,3526,7153
21847,957,3429,7431
21847,1006,3738,7397
21847,976,3664,7203
21847,1013,3466,7200
21847,936,3494,7101
21847,1006,3495,7266
21847,985,3703,7250
21847,945,3415,7126
21847,990,3481,7335
21847,948,3635,7124
21847,1027,3649,7440
21847,973,3562,7260
21847,964,3440,7299
21847,969,3628,7509
21847,944,3734,7186
21847,953,3527,7410
21847,954,3494,7371
21847,960,3506,7408
21847,975,3482,7221
21847,941,3506,6912
21847,1189,3411,7706
21847,1049,3507,7948
21847,961,3328,7168
21847,955,3407,7406
21847,920,3404,6957
21847,937,3554,7212
21847,942,3215,7254
21847,1037,3498,7757
21847,1050,3404,7187
21847,954,3111,7081
21847,943,3409,6965
21847,960,3332,7090
21847,947,3527,7065
21847,1009,3454,7909
21847,1050,3448,7653
21847,1084,3669,7831
21847,1023,3250,7597
21847,1193,4090,7792
21847,1099,3719,7839
21847,1042,3364,7834
21847,1058,3650,7843
21847,1097,3727,7944
21847,1311,3778,7799
21847,1028,3887,7896
21847,1027,3464,8276
21847,1122,3746,7658
21847,1012,3692,7926
21847,1050,3365,7949
21847,1028,3714,7770
21847,1082,3126,8468
21847,993,3522,7227
21847,1027,3530,7316
21847,976,3051,7417
21847,1053,3856,7321
21847,983,3580,7517
21847,992,3241,7700
21847,998,3867,7539
21847,985,3693,7440
21847,1209,4082,8023
21847,1085,3755,7745
21847,1005,3798,7487
21847,1025,3646,7689
21847,977,3288,7623
21847,1123,4043,7553
21847,983,3778,7409
21847,992,3614,7353
21847,1029,3567,7762
21847,1009,3696,7763
21847,1002,3583,7404
21847,973,4139,7771
21847,996,3844,7611
21847,993,3564,7679
21847,1025,3742,7714
21847,990,3330,7400
21847,974,3818,7473
21847,994,3522,7650
21847,1050,3546,7682
21847,1005,3889,7412
43692,2695,9141,16990
43692,2721,8701,17681
43692,3035,12015,16864
43692,2690,7941,17282
43692,2631,7753,16647
43692,2659,8005,16693
43692,2679,7836,16626
43692,2683,7582,17604
43692,2731,7949,17410
43692,2593,7548,16664
43692,2754,8401,16676
43692,2623,7804,16962
43692,2627,8358,17116
43692,2711,7805,16740
43692,2438,6911,15669
43692,2394,7179,15150
43692,2402,7131,15435
43692,2783,7422,15434
43692,2419,7138,15577
43692,2445,9007,15540
43692,2412,6660,15830
43692,2533,8332,15975
43692,2499,8443,16278
43692,2612,7341,15857
43692,2802,7189,16358
43692,2568,7590,15944
43692,2408,7528,16188
43692,2433,7272,17547
43692,2518,7301,15864
43692,2661,7754,15590
43692,2505,7990,15843
43692,2566,8226,15531
43692,2418,7686,16317
43692,2722,8025,16163
43692,2520,6896,16350
43692,2797,7974,15455
43692,2376,7584,15602
43692,2357,7525,15541
43692,2509,7476,15054
43692,2413,7283,15752
43692,2492,6919,15552
43692,2403,7661,16587
43692,2488,6982,16047
43692,2406,7496,15252
43692,2472,7201,15944
43692,2402,7331,15124
43692,2409,7256,15222
43692,2470,8637,16136
43692,2517,7285,21463
43692,2426,7680,15050
43692,2390,7772,15663
43692,2568,7489,15314
43692,2460,6866,15287
43692,2734,7610,15637
43692,2510,7330,15519
43692,2483,7569,15450
43692,2456,7221,15889
43692,2747,7732,16864
43692,2480,7753,16093
43692,2806,7943,16171
43692,2525,8182,15953
43692,2562,7431,16067
43692,2600,7707,16117
43692,2470,7982,15902
43692,2543,7722,16020
43692,2547,7309,15681
43692,2581,7933,16362
43692,2483,8000,16354
43692,2516,8018,15533
43692,2390,7314,15816
43692,2416,6977,17197
43692,2398,6946,15685
43692,2583,7331,15160
43692,2585,7025,15972
43692,2373,6994,15458
43692,2462,7648,15494
43692,2422,6653,15395
43692,2404,7144,15604
43692,2415,6930,15169
43692,2405,7212,15779
43692,2372,7106,15746
43692,2580,6996,15147
43692,2610,7168,15304
43692,2365,7206,15709
43692,2608,7572,16762
43692,2679,8529,17274
43692,2672,7461,17161
43692,3083,8021,16967
43692,3069,8126,17014
43692,2627,8368,19218
43692,2647,7908,19979
43692,2625,8150,17235
43692,2812,8563,18294
43692,2739,7408,18001
43692,2746,8286,16896
43692,2977,8298,16975
43692,2606,7532,16220
43692,2671,7678,16553
43692,2547,7461,16565
43692,2525,8859,16695
87383,4254,15670,35729
87383,4667,15845,34824
87383,4150,16131,36016
87383,4626,17260,38729
87383,4347,16227,42853
87383,4940,16249,36738
87383,4812,18224,38351
87383,6550,22015,39093
87383,4476,16503,40376
87383,4593,17121,35927
87383,4122,17045,36790
87383,4110,16513,37087
87383,4517,17188,36120
87383,5052,15295,37119
87383,4110,17645,35558
87383,4245,15528,36688
87383,4583,15447,34156
87383,5121,14885,34693
87383,3967,17381,34262
87383,3883,17066,35216
87383,4315,16915,35061
87383,3962,15993,34653
87383,4441,18227,37493
87383,4556,17777,36318
87383,5115,20512,37140
87383,4216,16979,37623
87383,4708,15595,36044
87383,5314,16685,36038
87383,4373,17104,34818
87383,4517,16238,33286
87383,4499,16558,34254
87383,4007,15712,33204
87383,4131,15844,34295
87383,3941,15215,36712
87383,4871,15035,33605
87383,4053,16690,34475
87383,3966,14918,33715
87383,3935,15021,33704
87383,4786,18105,36986
87383,4131,15970,34602
87383,4147,17425,36052
87383,5006,17098,35965
87383,4469,15558,35110
87383,4285,17085,35289
87383,5799,16653,39685
87383,5019,18058,38465
87383,4335,17168,40694
87383,4769,16795,36769
87383,4275,16533,36199
87383,4122,15336,34714
87383,3968,16292,33713
87383,4741,15648,34881
87383,4360,17528,36927
87383,4505,18870,39241
87383,4677,20077,39559
87383,5626,18348,42328
87383,5964,18049,41509
87383,5751,20127,39222
87383,4781,20147,39756
87383,5050,16486,40188
87383,4500,16425,36681
87383,4083,15550,34262
87383,4263,15792,33664
87383,4098,16118,34573
87383,4461,16454,33297
87383,3949,17171,37382
87383,3983,15478,35002
87383,4069,15517,34645
87383,4492,15014,34492
87383,4673,15658,36298
87383,5001,15448,37068
87383,5352,15647,35601
87383,5011,17333,36136
87383,5301,17951,35593
87383,4269,16365,35263
87383,4192,16173,35094
87383,4733,16707,36065
87383,4143,15617,34079
87383,4147,15005,34552
87383,3991,16396,34597
87383,4549,15266,34547
87383,4053,15125,34201
87383,4188,15740,34459
87383,4319,17179,33546
87383,4127,14820,34103
87383,4683,18499,35476
87383,4359,16256,37197
87383,4240,16271,35792
87383,4545,15404,37261
87383,4490,15697,37368
87383,4568,15077,37232
87383,4582,16879,36577
87383,5225,16342,36809
87383,4578,15145,33999
87383,4216,15500,34317
87383,4087,17264,35501
87383,4058,15620,38096
87383,4308,15942,34152
87383,3914,16163,34386
87383,4039,17010,35617
174764,19438,39574,95850
174764,14829,34110,87721
174764,18443,43498,95486
174764,16740,42031,99571
174764,17644,40297,90261
174764,14900,39324,89351
174764,14400,35863,90968
174764,13407,30641,89902
174764,16257,39568,89109
174764,15194,37742,90561
174764,16797,40375,89867
174764,13256,34903,82027
174764,15044,38649,82015
174764,14745,36171,81704
174764,16031,36929,89354
174764,15475,37935,87859
174764,17547,36736,87435
174764,15917,36907,82643
174764,14744,37036,85217
174764,13925,35881,82479
174764,14270,34596,80383
174764,15178,36376,87892
174764,14718,37222,90863
174764,16378,41934,95096
174764,15406,40819,87312
174764,14536,34875,80070
174764,17463,41719,87582
174764,16874,38680,91413
174764,18559,41342,96562
174764,19819,42203,96469
174764,14900,52340,86485
174764,14858,40757,79422
174764,13542,38063,80581
174764,14317,36620,81362
174764,14446,35857,82317
174764,15067,36840,85314
174764,15963,37215,84897
174764,15491,38830,87450
174764,14123,35324,83257
174764,13396,36650,83940
174764,13306,36417,83180
174764,14742,34363,81024
174764,17705,37100,87544
174764,15868,37496,87046
174764,15099,38582,86601
174764,13349,39004,83561
174764,14298,34803,81095
174764,14801,39125,92484
174764,13600,34838,80833
174764,17009,37548,87612
174764,15515,34286,96034
174764,15579,40531,95235
174764,16711,40622,90345
174764,14635,39435,81686
174764,14958,34124,81670
174764,13410,35184,79378
174764,15615,38785,89171
174764,17405,38074,86906
174764,17676,36336,87006
174764,18290,36756,82843
174764,13173,37205,81894
174764,15950,33020,79824
174764,15608,38269,83150
174764,17384,41445,91295
174764,16733,36427,84606
174764,16624,39548,80143
174764,14002,34665,84878
174764,13514,33157,82483
174764,13077,35328,81782
174764,15034,38020,87293
174764,16017,42486,98929
174764,14785,36758,87887
174764,15746,38522,2450972
174764,15503,40244,89962
174764,14524,39854,88043
174764,14626,37799,93070
174764,17174,43269,93725
174764,15615,39512,88121
174764,15240,37771,86840
174764,15508,37932,88513
174764,13200,35198,81415
174764,17493,34799,80743
174764,19552,33894,83110
174764,13119,35060,81856
174764,16245,36528,84894
174764,17913,41071,88001
174764,16687,37156,89341
174764,15399,33706,81451
174764,13919,33396,79693
174764,13615,35462,80290
174764,13319,35847,80824
174764,16868,38849,87013
174764,14948,37575,85368
174764,15676,39006,85397
174764,16415,35494,89924
174764,15376,38946,88945
174764,13334,36412,83229
174764,14229,40175,84848
174764,16875,41630,93063
174764,20647,44620,94323
349527,25652,75530,197112
349527,26917,83694,191779
349527,28852,77023,207276
349527,25985,77652,193695
349527,26281,78788,193682
349527,29876,85112,211817
349527,26796,77786,194749
349527,29666,81770,212501
349527,28594,83382,209491
349527,32479,86709,218954
349527,28742,82982,212001
349527,28955,79379,207545
349527,29405,82225,207738
349527,27381,76010,195734
349527,27760,79030,203347
349527,29206,80458,206933
349527,27559,78174,208333
349527,26769,77187,191112
349527,28646,81522,204129
349527,25880,75432,194588
349527,30275,91067,227115
349527,28719,83088,207975
349527,26969,77248,205957
349527,25690,75137,194768
349527,27070,79962,206701
349527,26872,80094,193482
349527,28850,77420,193346
349527,28058,81066,207404
349527,27027,83947,212846
349527,28515,80835,203323
349527,32989,87786,231008
349527,28387,84162,191322
349527,27202,76985,198176
349527,29065,79190,206857
349527,27196,76867,190564
349527,26744,76286,194962
349527,29849,80007,206403
349527,29132,84433,203056
349527,26890,76819,195674
349527,28247,82336,206648
349527,30531,86260,225543
349527,29950,84859,213653
349527,31431,86172,239284
349527,33774,93925,238171
349527,30902,90638,223912
349527,31466,90542,223557
349527,31739,89620,231513
349527,29353,86460,212447
349527,30697,87682,225098
349527,32792,88735,227912
349527,30501,84369,207516
349527,33403,87856,221975
349527,30059,80737,222228
349527,25956,72659,193866
349527,26442,75493,194153
349527,29134,79476,212283
349527,26711,79536,197747
349527,28140,76147,196779
349527,31587,92176,225978
349527,35247,88111,214151
349527,29558,83281,213439
349527,33345,89177,227308
349527,31311,88535,223103
349527,29616,84114,210452
349527,30289,84643,229925
349527,31875,88817,221632
349527,26449,76859,193044
349527,26039,76220,192909
349527,30057,85945,208537
349527,26031,73730,192492
349527,26462,76087,199507
349527,29312,81049,207484
349527,31036,89289,209803
349527,27401,77763,208960
349527,28927,81309,209508
349527,26708,76446,197189
349527,26415,81203,206448
349527,28816,81721,206725
349527,26559,76026,194730
349527,26588,77293,204070
349527,32630,87017,223282
349527,28558,90249,209416
349527,27913,83985,225196
349527,31389,80273,209407
349527,28248,78409,196614
349527,28930,69527,195939
349527,29014,78917,209324
349527,28662,80947,196811
349527,27092,77253,208239
349527,29614,83631,219371
349527,30207,88418,210267
349527,28478,80989,201778
349527,30964,86964,1831893
349527,28383,86590,202806
349527,27659,78527,201510
349527,30138,89379,214695
349527,26591,77919,194675
349527,30705,77844,202175
349527,28949,77328,221694
349527,29213,77189,193474
699052,98506,176114,553446
699052,100936,168848,503922
699052,92129,165343,496183
699052,102176,171329,494057
699052,97259,173042,516745
699052,96098,171071,494965
699052,89800,176763,471953
699052,96754,165580,476974
699052,97669,175921,493744
699052,104471,183121,512368
699052,92766,164830,486307
699052,94121,174217,465919
699052,98062,168486,521402
699052,95867,176850,568681
699052,120950,2377681,534663
699052,101060,192053,512437
699052,100027,174931,567280
699052,112939,179891,564442
699052,104114,178004,2784482
699052,90976,162763,508078
699052,96872,176426,478149
699052,94603,167858,527026
699052,105034,180448,522936
699052,101325,181744,536352
699052,95306,171479,508066
699052,96358,195134,513663
699052,94237,171613,523487
699052,106016,176610,532902
699052,93610,170296,501044
699052,101900,168968,494570
699052,97786,173383,521750
699052,95253,174399,496837
699052,93183,172153,502162
699052,98937,172891,499945
699052,96381,174453,516324
699052,93721,167795,486380
699052,107290,194245,513396
699052,93140,167773,503847
699052,99584,171874,496115
699052,97872,164968,499126
699052,91767,171654,493173
699052,96204,170210,492473
699052,96761,173559,503982
699052,103257,180242,549170
699052,96130,169194,534552
699052,95300,177639,531650
699052,96511,173847,520448
699052,93416,167519,519529
699052,94526,174103,497456
699052,96161,182027,495074
699052,96947,191082,515357
699052,94814,171847,523538
699052,97497,176799,555382
699052,100195,185018,524299
699052,97292,176187,533366
699052,96874,174297,529945
699052,93643,176495,459949
699052,95386,174056,472842
699052,97573,170985,514131
699052,91476,168990,508465
699052,92075,175103,467577
699052,92115,171756,482308
699052,93645,174613,495169
699052,92845,167288,464626
699052,95879,177152,495207
699052,93934,167820,491061
699052,87598,166157,539969
699052,88317,166659,463418
699052,92929,172956,503683
699052,93318,170604,488728
699052,89230,168556,478199
699052,90579,164398,470101
699052,92772,181661,486708
699052,98921,181107,2887800
699052,91481,167052,459344
699052,93059,169068,459825
699052,92282,171140,483362
699052,92669,168024,489047
699052,90120,162727,457827
699052,96114,184475,487892
699052,102429,183807,530735
699052,88402,163600,470458
699052,88203,169624,465238
699052,92489,165786,490832
699052,88710,164491,469445
699052,92145,176818,455011
699052,103588,170061,533496
699052,103087,181558,550928
699052,103095,195264,487310
699052,89795,165951,464744
699052,93655,162245,486468
699052,93366,170863,491641
699052,100461,188770,531080
699052,86693,166445,460935
699052,88547,163791,458643
699052,94508,170065,488869
699052,93064,169676,482439
699052,91741,183952,473986
699052,90290,164249,457792
699052,90920,184578,457967
1398103,152384,375086,1273868
1398103,138418,353692,1108318
1398103,162008,380347,1278722
1398103,133308,351293,1196227
1398103,146001,373130,1171736
1398103,141560,348457,1187482
1398103,159278,381397,1080289
1398103,144166,354474,1146628
1398103,144640,356879,1160511
1398103,135314,359621,1126992
1398103,146760,358575,1216512
1398103,146147,336325,1043932
1398103,143532,361672,1132819
1398103,140096,392871,1164753
1398103,138963,366653,1110792
1398103,139278,345715,1151371
1398103,138294,344464,1094970
1398103,141426,349118,1084273
1398103,138396,348614,1051180
1398103,139594,343362,1143690
1398103,132573,340487,1041900
1398103,137342,335950,1118425
1398103,141213,362312,1077058
1398103,136778,344572,1090579
1398103,144590,367800,1200296
1398103,138796,359417,1085111
1398103,149656,377588,1264771
1398103,144365,338362,1070025
1398103,138777,3018176,1183309
1398103,150146,346074,1047403
1398103,154926,389150,1222343
1398103,135242,331994,1065726
1398103,156235,403291,1283020
1398103,138956,376064,1074096
1398103,163291,408614,1138262
1398103,142697,361488,1206276
1398103,141486,354417,1134382
1398103,135722,345977,1124653
1398103,146587,354289,1247703
1398103,142762,381172,1155886
1398103,142995,356193,1101776
1398103,139408,373778,1159713
1398103,138042,353520,1086487
1398103,144248,353044,1164408
1398103,139059,351955,1092111
1398103,138735,372166,1127896
1398103,141785,360825,1146839
1398103,139264,352910,1164855
1398103,152632,355831,1076728
1398103,136948,342272,1190419
1398103,138324,352602,1115487
1398103,139265,345030,1179342
1398103,140586,354298,3812103
1398103,140494,348968,1103404
1398103,136552,347760,1165500
1398103,131755,356972,1040882
1398103,137051,340263,1141053
1398103,137247,353107,1081251
1398103,137984,336128,1121968
1398103,142361,382772,1155384
1398103,135917,335835,1075322
1398103,147558,376605,1195751
1398103,135518,344457,1122720
1398103,142025,361129,1140125
1398103,136455,346535,1110864
1398103,139680,356058,1183490
1398103,139725,348451,1110708
1398103,139554,346702,1094618
1398103,140459,339678,1096292
1398103,136170,339091,1129576
1398103,136733,353941,1076207
1398103,138721,360167,1108333
1398103,136696,352324,1099244
1398103,140228,361678,1169936
1398103,135457,341844,1092046
1398103,140780,361779,1133036
1398103,136567,344291,1153143
1398103,137412,341628,1126795
1398103,146659,353125,1154625
1398103,135392,340093,1139581
1398103,152748,380364,1164953
1398103,134830,339015,1113246
1398103,143005,351046,1250175
1398103,136277,374305,1090065
1398103,152224,382039,1196363
1398103,135677,346090,1136602
1398103,2959598,382577,1170585
1398103,147756,338198,1138604
1398103,138992,351422,3986545
1398103,137206,343814,1099751
1398103,135781,344401,1066273
1398103,154503,364171,1117536
1398103,138548,342722,1116588
1398103,133631,361270,1097518
1398103,138013,348534,1053184
1398103,136480,328138,1103737
1398103,134472,342620,1040695
1398103,151781,387571,1167071
1398103,162644,406049,1304114
1398103,166498,438546,1254245
2796204,479787,832310,2726307
2796204,451423,708310,2801565
2796204,457487,738682,2846667
2796204,467903,730599,2647932
2796204,449237,724324,2864385
2796204,449860,755045,2990135
2796204,500681,753562,4464635
2796204,430833,726124,3061799
2796204,423494,723232,2835301
2796204,419611,760774,2703101
2796204,419168,708532,2608054
2796204,430738,775265,2595504
2796204,424508,727509,2675702
2796204,455658,784540,2440378
2796204,445018,767588,2495558
2796204,407955,691103,2620613
2796204,425421,765457,2634096
2796204,445415,707416,2676087
2796204,440112,786386,2562550
2796204,412671,713573,4736482
2796204,419689,718441,4625893
2796204,428256,717954,4649736
2796204,413080,706549,4625680
2796204,455238,758106,2767294
2796204,442834,763385,2747379
2796204,445443,789214,2651698
2796204,457354,800882,2461059
2796204,445734,764744,2547868
2796204,426537,747635,2528742
2796204,420699,730125,2487067
2796204,419562,707489,2576934
2796204,406940,706660,2554633
2796204,416086,712098,2553850
2796204,425722,729058,2548783
2796204,432541,750752,2540199
2796204,417149,707790,2610299
2796204,441135,751969,2503221
2796204,426106,743661,2521862
2796204,408851,726041,2623916
2796204,433409,759292,2585265
2796204,420926,717815,2598528
2796204,409905,711534,2660310
2796204,419787,708119,2593840
2796204,418933,743539,2634124
2796204,427757,721323,2633578
2796204,435447,755352,2558480
2796204,430944,723559,2643374
2796204,453578,817167,2644293
2796204,410656,701398,2448738
2796204,435044,733239,2613899
2796204,428570,817808,2504028
2796204,424532,764210,2633029
2796204,416957,718981,2610308
2796204,419555,755381,2567163
2796204,404875,704640,2695436
2796204,425447,761297,2685902
2796204,419692,731514,2748726
2796204,453576,3448560,2596622
2796204,428323,3275868,2786093
2796204,418555,730589,2538669
2796204,424634,732202,2487938
2796204,413495,737265,2581913
2796204,406557,680781,2570733
2796204,501958,863271,2836612
2796204,459628,798163,2429653
2796204,445538,761742,2547565
2796204,440702,740871,2588337
2796204,457724,789598,2436462
2796204,419857,759873,2549955
2796204,423584,756805,2592398
2796204,403576,706933,2617957
2796204,440890,790505,2835172
2796204,422489,713253,2499339
2796204,408673,703317,2619032
2796204,470003,820225,2518411
2796204,449780,751877,2820728
2796204,447528,729714,2684265
2796204,459053,797594,4291347
2796204,423010,737989,2791032
2796204,431794,749125,2650070
2796204,2563183,722750,2690549
2796204,424007,696234,2760912
2796204,418497,722329,2707784
2796204,453295,3029233,2597721
2796204,447761,3261155,2599208
2796204,416130,734825,2551322
2796204,459843,816382,2465144
2796204,417150,743511,2595159
2796204,419122,695051,2855901
2796204,415821,725950,2633467
2796204,433664,798088,2615970
2796204,424579,750388,2644171
2796204,432227,786219,2650198
2796204,432823,751266,2527510
2796204,434026,747012,2650105
2796204,430675,761814,2533463
2796204,416245,722829,2714690
2796204,429064,734976,2647126
2796204,416566,737013,2768434
2796204,427516,731620,2600070
5592407,618815,1543372,6450378
5592407,680466,1623623,6399944
5592407,614028,1620214,6369930
5592407,693745,1614805,6436259
5592407,1023671,1661586,8728264
5592407,682828,1583483,6042392
5592407,647724,1669215,5979596
5592407,662969,1460194,5409604
5592407,726663,1704784,6131032
5592407,706241,1557488,5607939
5592407,596368,1443229,5860042
5592407,654058,1496612,5594141
5592407,630147,1483025,5610186
5592407,591634,1459276,7792492
5592407,579805,1432036,7980144
5592407,639131,3331459,5509320
5592407,608537,1493076,5644528
5592407,613543,1641684,5481729
5592407,579467,1445054,5630871
5592407,623330,1431718,5651847
5592407,656833,1459158,5728968
5592407,658511,1434534,5612392
5592407,583093,1552718,5439538
5592407,583956,1626749,5362181
5592407,579276,1460091,5799054
5592407,594185,1435965,5538512
5592407,599265,1452806,5812955
5592407,591095,1463679,5587804
5592407,600662,1557661,5558175
5592407,582726,1427296,5590103
5592407,589546,1434642,5631148
5592407,600584,1491469,7533601
5592407,628133,1558057,5541478
5592407,621622,1468295,5630207
5592407,600531,1480267,5647485
5592407,580046,1489599,5518357
5592407,575464,1422847,5423088
5592407,567778,1419956,5494986
5592407,573271,1426852,8586936
5592407,629318,1452264,5707999
5592407,608215,1574110,5443913
5592407,577126,1408207,5442649
5592407,578173,1414827,5301975
5592407,572226,1418480,5470604
5592407,627521,1507009,7251681
5592407,606980,1486731,5797606
5592407,592936,1596417,5400421
5592407,598968,1462839,5368363
5592407,587471,1532490,5730198
5592407,592028,1449295,5661794
5592407,594420,1443070,5685473
5592407,593584,1450085,5850004
5592407,589830,1428787,8005867
5592407,634976,1556502,8009089
5592407,633843,1459475,5623229
5592407,584436,1463407,5525309
5592407,641156,1556298,5457409
5592407,593564,1492080,5491566
5592407,581143,1455970,5521311
5592407,584635,1426984,5468537
5592407,625951,1512087,5670635
5592407,598895,1557895,5378493
5592407,581914,1414887,5458698
5592407,595523,1428736,5431863
5592407,590007,1439189,5353718
5592407,586678,1478161,8133113
5592407,597613,1426275,7888645
5592407,599533,1444116,7640858
5592407,595669,1569890,5507831
5592407,596922,1515863,5727581
5592407,584774,1451287,5745622
5592407,644944,1501857,5482964
5592407,583303,1426691,5501678
5592407,594301,1417506,5871518
5592407,595551,3748741,5434039
5592407,581236,1486533,5476049
5592407,603079,1429074,5585574
5592407,592058,1418548,5438379
5592407,583121,1439645,5616677
5592407,582080,1424107,5652378
5592407,597871,1565351,5547499
5592407,617740,1432114,5904584
5592407,670121,4076826,5436158
5592407,597550,1441518,5461782
5592407,638600,1613369,5340564
5592407,607148,1501112,5688158
5592407,607358,1551351,5545811
5592407,588890,1468696,5654534
5592407,639055,1457271,5921312
5592407,589976,1442040,5604248
5592407,583863,1555156,5329590
5592407,595849,1439984,5439324
5592407,588623,1448746,5528630
5592407,584425,1432858,5624206
5592407,585139,1516001,7962309
5592407,581369,1436273,6035710
5592407,645496,1439294,5600188
5592407,623272,1485713,5614938
5592407,602576,1482109,5396130
5592407,581200,1510961,5422339
11184812,4122270,3170609,14951533
11184812,1994832,3345566,13260390
11184812,2017521,3335868,15775562
11184812,1866404,3093255,16252316
11184812,1965425,3386671,15272770
11184812,1859176,3218223,16854817
11184812,2073014,5594333,16340773
11184812,1874119,3233935,13347696
11184812,1861630,5299757,13397425
11184812,1803386,3028774,13226669
11184812,1751483,2998355,15195077
11184812,1747152,3001724,12065249
11184812,1778584,2964101,15434752
11184812,1757578,2972021,12373119
11184812,1840992,6228523,13631696
11184812,1767604,3269998,14436838
11184812,1798527,3019078,12475900
11184812,1779965,3010921,15971926
11184812,1837398,3350185,12773657
11184812,1758582,3303615,12090981
11184812,1803177,3152723,12225332
11184812,1835763,3198479,11916413
11184812,1770698,3065108,14620807
11184812,1750947,3133521,14858019
11184812,1755097,3176744,14851646
11184812,1781891,3053578,12626672
11184812,1715663,3206957,15875105
11184812,1855419,6000947,11990763
11184812,1865258,3098821,12315978
11184812,1728354,3011522,15311664
11184812,1727942,2975344,12408801
11184812,1788266,3363687,12259769
11184812,1772376,3152935,12446520
11184812,1814281,3229751,12194154
11184812,1896159,2936918,12432544
11184812,1808335,2918818,15582179
11184812,1847660,3024863,12147074
11184812,1095031,3613911,12684259
11184812,1974655,5433059,17524816
11184812,1889628,3547422,17724914
11184812,2205049,3459227,15143537
11184812,2109287,3462067,17570179
11184812,1883057,3452163,18036461
11184812,1950525,5239845,16754696
11184812,1756881,3078293,15215378
11184812,1745645,3082466,14887474
11184812,1750823,5302934,12371540
11184812,2345527,3427094,13282419
11184812,2360575,6078402,16238135
11184812,3348240,3451141,14487256
11184812,2043249,4074619,16671613
11184812,1870964,3417788,16791386
11184812,2267713,3770218,14325529
11184812,1778536,3142760,12133688
11184812,1834353,3194790,15589286
11184812,4006491,3361058,13595584
11184812,1776041,3035891,15700066
11184812,1845165,5669444,13586507
11184812,4249246,3294697,13094998
11184812,1815982,3444608,13770753
11184812,1861280,3557391,15178231
11184812,1954470,3222239,12997501
11184812,1960675,3392008,15669771
11184812,1747990,3305510,13661263
11184812,1980444,5988291,12797538
11184812,1727936,3419503,16173987
11184812,1792342,3306227,15543801
11184812,1794295,3191943,13084708
11184812,1869937,3406186,12589841
11184812,1833964,3287454,15589722
11184812,1895404,6068364,12781701
11184812,1727599,3419641,16302386
11184812,1823169,3343432,12842509
11184812,1760304,3215293,16267882
11184812,1153097,3747774,13564658
11184812,2075711,3347401,12864842
11184812,1840685,3290691,15883144
11184812,1926619,3368640,13229157
11184812,1792594,3133343,15392142
11184812,1815823,3106739,15423079
11184812,1833324,6070342,15709505
11184812,1789442,3092354,13192612
11184812,1868340,3071523,13923928
11184812,1766043,3282194,14481960
11184812,1766023,3423945,16272502
11184812,4372741,3174881,12856548
11184812,1717724,3136444,16230867
11184812,1979633,6205852,15609234
11184812,1776056,3420630,16176027
11184812,4013776,3326038,13366103
11184812,1896849,3231746,13067795
11184812,1766148,3226511,15702549
11184812,1829483,3260964,13122407
11184812,4627189,3346580,12905489
11184812,1866739,3120363,12834124
11184812,1801431,3035695,16194387
11184812,1747601,3123016,12857996
11184812,1791918,3389187,13198458
11184812,1857517,3155808,13041844
11184812,1890195,3188349,12949945
